14.114984946636476,12.74021186711886,11.23704824322492,12.981256130744784,7.658185703314723,11.672790214658342,2.4200896138025674,12.877135376456927,9.08512702219893,17.58430108971936
5.876566422653324,3.4500931797888796,9.378042757238985,4.710153217983823,14.740776769154895,8.37318530958062,14.265982845740915,6.708258341504808,8.673575737882786,0.9214567713063154
6.9782706831855394,8.641491906331387,10.008141016809477,11.337502855774936,2.538519759387448,5.158717331396311,7.787091475690557,5.767754984602272,4.022895780449156,3.536921297896311
5.484939093748075,3.2122622256420796,3.0814223675569217,3.9995869418069314,4.658290543966398,1.5334791998333495,4.3076861534620186,7.6684002490353285,3.495468823173566,1.8299026218654117
0.053900777162089075,0.4494959320052111,-1.7514659751302712,-1.9096353489319868,3.0239066123318636,-6.1702172727976015,6.066884152127232,-2.015198974727806,0.18531956649575157,4.882665348715829
-1.3135899831038134,-3.1977988706476945,-2.53002331271514,-3.0692701349959544,-5.270256110715984,1.1207806016671455,0.9096746714896471,2.129274272990208,4.13582655965194,-2.602338906034339
-6.897953471998854,-8.997899954303744,-8.92209474131059,-11.140500775681266,-6.968112803388951,-3.9238299756651287,-9.011507930270202,-9.528106860702025,-9.36563236361006,-10.479900527156968
-4.470916287780573,-2.093409176119347,-0.8040838599604191,-0.9408740653472634,-8.302250552421347,-1.286021613951629,-13.279963018880494,-8.252275372405173,-5.1520691820109015,-3.633090274807824
-2.9054376454836603,-2.44505882024189,-1.8847417604984973,-1.8964848970811194,3.866432519055903,-1.6474402956425698,-3.740955511119429,-0.8477368839167376,-0.16843039989621422,-1.30969763764204
0.12693027998977013,5.797634027186714,3.958887173641936,6.754172873605979,0.051959961810644606,5.353946343393589,2.976655374688694,0.8176768015726099,-1.3270102930426215,1.2031844783440784
8.0106091644796,10.440758171112899,8.430175825051057,6.981289557395765,-0.05655175491996506,3.905231383596484,6.9815240218077665,10.379644984057268,5.465555951430506,4.198573743015942
6.800896057003017,0.4777642379947683,5.308994102002153,2.0068936548730423,5.871090008112803,-4.89428658180072,7.1309754941755354,3.3884805732481365,5.33920728133845,5.399424575760625
4.653456108323117,5.923053826298145,4.224438951460972,8.85810620596343,11.19864828256674,8.424094049792858,8.647370176222939,5.518489268593768,6.558947861373973,1.6443081427478572
-0.7816142315540509,3.281840085062082,0.47611284269507004,2.365626737823834,1.173292256208233,-0.5628355513141581,3.0917692600474496,4.444157000455177,2.501208092355044,6.095054222888605
-0.1485014625141866,-4.71108265064884,-5.698347344284652,-8.47524648727027,-3.091929019719107,1.922800284085683,-5.1952935791347645,-1.684715460325974,-0.4338328519845929,-3.926241599908674
-3.8762711653407407,-14.380356203998296,-5.631749976072678,-12.172859716998344,-7.532985818263962,-5.613971055041572,-7.090697453335303,-8.0557962967026,-8.962689211538464,-8.728398307696652
0.6669463186006102,-1.4803985716277328,2.4041161632932524,2.3131475235680967,-4.533020221249612,0.08354383580787467,-0.9169039027883521,-6.88969281938635,-4.275305658281751,-3.676966617634469
-2.5872197587207184,4.824084154567845,-0.5422414760232188,5.4268328137851105,-2.3216474235132103,1.5638252780849458,-4.878492700210692,-4.530002334943031,-1.2233029251746819,-3.5696939219448205
2.981529936335562,12.83636981509934,2.909758291081943,7.3671639959277115,6.289757089479817,0.07978848625247731,2.683777568709034,12.264382478586569,5.566045177328192,10.542872944636521
-3.0564538713225735,2.051600956775746,6.312031540874794,0.9423186108703214,0.3847871989474873,-0.5956040192685866,3.9999228147846786,4.94226837044458,7.770480090755475,-3.9763080289687287
0.8879830463964102,-3.6942430578587087,4.538946640242103,0.5606257257067137,-0.7531574469363167,-3.967159322635416,1.2130883598679618,0.1161752762550321,-3.1882847149773874,5.038896868150321
3.6016129740099396,2.2056953060144533,-2.114838241705633,-0.922413778559143,2.9776776940757363,4.750910298813408,1.707532187865418,-0.21855645109260063,1.4709642113792003,0.47181561346209
0.8883856533513134,-2.539578964421449,-1.6221620159407983,-1.4789444751714478,4.511321696663659,4.094941835040517,4.245922293807492,-3.1414486874296323,-1.9610139683763101,-2.5837326804753222
3.163841653823011,0.9541377729124277,-2.49143419106982,1.5128938758183703,1.4316359168313664,7.210021507661098,0.3828266915867453,3.8314985254610425,1.77611129969142,-0.48766467149579107
11.140932841186013,4.080264909226584,5.554805782624587,5.061185451116416,-1.6687958287451643,1.9004746201284584,3.4694788396128304,5.2245168994838425,4.519854156481415,5.252017381025451
4.788773264718935,-1.328794230218785,3.0271177686814177,0.36043085693605675,1.2304631198725149,-4.651014331036537,-1.095297546939638,-2.935791956287689,1.8697812061126464,1.973575364058215
-13.163668420478581,0.5173720038465632,-2.5265670522612407,-1.9750969647216639,-2.363102305055111,-6.528301225792329,-2.0328037670802566,0.43849719311165286,-0.3370945177856917,-8.74311929253508
-7.63294666358571,-0.2330945617128512,2.289190074368528,-0.2501759918713523,-3.8354818344168544,-2.125827372130278,-7.1345691279139585,-2.5727586053500286,-6.139801482628899,-5.034167666682073
-1.5589096442106989,-2.1199511675013643,-1.3281128724570799,-0.7852211951273296,-1.6999765466677053,-2.0791616703765197,-0.5318631175061124,-0.35481956200106657,-3.438541746324053,3.0250668787689774
-1.393684105710347,-3.970142284724228,0.40663971860343323,-1.7054602254089375,-6.533540577876447,-2.5078527764555743,0.9250084619246509,-5.775830651586493,-0.9369977679396926,0.34628203251823586
8.16932522430355,6.8750605089750385,-1.584111459076723,1.1479084050299413,6.6942170352317785,13.644915705716748,-1.4270448302831373,2.1911581292256135,5.3343134974614035,2.0936465622572955
2.475136231165521,4.833194349057194,3.639841247707455,5.741522289557626,4.105521480044397,2.236378553144726,9.461651478014865,8.871695039192428,2.959281362791584,5.053666284620617
14.847383942496212,9.92538497732517,6.712625309881258,6.712196150658456,13.540239710906427,9.575504709855595,8.780795152157886,5.698089732945322,9.423218125125157,2.4312534828999928
1.9908655729760922,-1.4981032886133194,2.1033732220386017,2.645255368124195,2.0180920977370254,-1.9106533368249843,4.806349249869676,6.061090134139682,2.134554686670528,0.3191435582248816
-6.5820168856614885,-6.6926321020126585,-1.2104955552588204,-4.39119561264903,-12.290185055042944,-11.327078806649089,-7.874330257630751,-5.0734712399868656,-7.431460659165137,-7.770574598418946
-4.849464106809133,-8.116442728945366,-4.489980126086568,-6.390425409277232,-6.787657283550213,-6.301017019426377,-12.734405953846586,-6.8963709127164625,-1.5761086667962803,-2.4857558974653826
-4.651418060475658,-0.46969363018292876,2.593863627980856,1.532281921814899,6.966513042207631,2.630101197925711,6.8917320567360285,-0.5317504980144311,-1.5303396775206766,3.667628224332449
1.4111488013727387,10.310133844700681,3.6877801568463715,3.7909546633896474,-0.9143931860003496,9.369008328264359,0.9913488811655791,-3.2819235146723806,4.143711310473742,-1.5224182585159372
0.6400494383394268,-2.643870249362627,-1.456273152089078,0.2705259737847716,-7.08128905210929,-5.872956097270689,-0.9842161252969226,3.6362243950860034,-5.690433186135657,3.2891844171754148
-0.5674896001208702,0.8945423215198636,-6.421730374305724,-5.015461670869705,-0.020476147780883303,-1.5630105370041785,-5.423163734331421,-4.505924581078142,-3.823667214402337,-7.1919621804866605
6.673839089980249,7.504868340820432,8.373341639421845,9.171054979217123,5.838172533733105,5.290229386191141,8.74964786624391,12.325423603909762,9.169377673516811,8.930974320700503
1.733212778031537,-1.2493626579699342,1.2301281997578468,1.3000447795118348,6.968372136518691,5.872978834722038,5.696516436076453,3.673891587412289,3.004517936709067,-4.273280307025528
7.666653861253216,6.815385363223945,4.513964482052735,5.639054767488139,2.3251702681301283,6.1201766009803125,0.46498673362667375,3.2889557203589876,5.739422146653018,3.133633878471087
0.19532267902094125,-5.763310127023557,4.7402300621143265,-1.5438685920533102,3.9641044582942992,-3.62498122585623,1.0380482688967532,-0.462412924777734,4.049664090500921,1.188645269346231
-6.298309361548716,-3.624680019378722,-4.933459259872145,-4.638205916245919,-2.57707393494812,-4.418587297563848,-3.447869807656634,-9.263083505538178,-3.861838444173097,-3.431930680284306
2.0477170524604245,1.4389805318417936,1.4893220786974415,2.1952823745293877,-9.18518305558823,-2.8143856372026743,0.9286627322661689,2.1573814345924394,-4.891181719863634,5.217443837292935
-0.9848714342637468,-1.236100111071619,-5.645465393857524,-7.822282552767438,-0.9142927369593227,-3.732390326007116,-0.9025910488400952,-6.333990517728856,-5.633981633310934,-7.353717749104739
-4.79242005260515,-1.1079577604105668,1.9002359562975384,4.365927306235677,-7.739715780580985,-2.6566744927904233,-4.227204372310304,1.162069082880059,-3.2305514309009427,-2.568987978068766
4.113891496994015,4.53270297333378,1.0860227238417561,5.393310186081518,5.952688621860735,5.96325123668763,-2.5262958930911186,7.50560352360668,2.5005652405204217,1.7322073643040428
0.4363394510274329,6.156237889623737,4.530481388672134,6.356185790664539,4.130153808725816,5.588125733261693,3.7325953697869387,3.617217740811115,6.839141837627863,5.995308097013984
3.2240195707550403,4.4568581258144215,5.013244384532954,-0.851229105276218,9.410174868977293,9.1603547834783,6.580817725523659,7.88594024644715,10.373421896004558,0.16033755246587295
1.5886888581780516,-3.679696755155074,0.6847135904674081,-4.492504071129103,1.3742941669066426,0.16418230606212791,3.3988956772689973,-3.1754594276613237,1.0047321213228293,-4.452324379492085
3.773454845461431,-2.563989640612307,3.058807594257769,4.637639559881987,-4.224978526681367,-3.8551422857296727,3.4800324954815864,-6.596569601250815,-6.165078499415236,-0.0077299439214338905
1.385394377752271,2.6404757059193837,-7.393523941737712,-2.7105985529319634,-0.14407263585699925,-6.3808375284487076,-4.576680097704143,-4.764034907506702,0.7041954632445543,2.9696531664765073
-1.4708890029602917,1.0450669464681173,-0.2921010670055068,1.2704391779172177,-2.4520022925941407,-0.876805663854697,-0.32092641387122733,6.8687793489433755,0.1975028577777899,2.7167523986801485
-2.8516105420722972,-5.899310392058276,-0.13294030775286814,-4.365531213432862,-6.415768117530907,-3.183317590296412,-6.569145315855738,-0.3894990103038517,-5.9610796010289135,-6.317061864225458
4.224272661537592,1.236301682868381,7.531426589509627,6.065422190575985,-0.290722875912093,0.49987234603736935,2.200941653172616,3.069485523298547,0.18668567513146028,5.6483203459272175
-0.7745731764498588,2.7792963881186767,2.0263275109799657,2.159785865426144,8.977421774804276,9.776400729985658,1.1031410836107023,-2.4957894204487756,1.5145661391786573,-6.811556930978461
-3.301372960691133,6.988212424956906,0.23038012390888918,5.00053624111059,0.27663086842497986,2.087290368496557,3.989251374643485,6.9254119960333425,2.714573357017481,3.6305318495835905
0.43829660675063764,0.41892834718057204,1.08297125747094,-0.6004703908615927,-2.6594824577316323,2.3685023000472913,2.062811555590614,1.2707367611889466,4.941552304262319,-3.8410592328027646
8.758441206692613,3.3192128737178592,0.3602012433165607,-2.1519949164156915,7.059980528093089,0.6751235680290189,2.72909909258097,-1.5482825922943708,5.2354358283764135,7.816611784247147
-1.2703611736903748,-1.2865711637314696,2.227299692382982,0.5059437651818938,-2.083221725153983,-4.069078619876813,4.436064725932229,0.24514301185549525,3.3719042646296615,-0.10100804005029468
-5.704752071741356,-6.324395924804368,-8.281928688381694,-7.032800258436867,-3.961090004097777,-4.313605156273898,-11.371186641160769,-10.683878476351941,-10.029495614325732,-11.608245792334602
1.1568376100344242,0.7034308563315437,0.20462408186763525,3.5696210291092036,-2.274992943567315,-0.956049006380878,-4.079505181346208,6.0700377126184915,-5.5601297300540145,6.9762450951541615
6.267189213075926,-0.33664564139528896,6.5305515481820775,1.14398088899996,2.8533612494793776,2.6093248785412624,5.717514028564338,2.51831600772787,2.623714766165958,-0.8764173643784358
5.625512459523887,-0.956156678354014,5.915766021569397,7.110805625229536,-2.4001151597603423,2.3683955008359505,2.93337665312366,1.69129378899148,0.8555764855940178,4.7786633347632
1.493764844694093,10.561917025585874,3.3630517061563014,7.182017555181051,4.45128877370681,6.546703100712334,5.81421100141845,8.154672745471958,5.172031137311505,-0.3712284160911886
-0.14146251031951784,8.965071775408182,4.176215427229927,2.337664371351597,8.269199478785039,1.7891756388182571,2.4594863419611777,1.0411237295823588,8.733544825191524,2.938958287509883
-5.927856970908442,-2.6205453298801267,-2.0617140734439716,-1.6459267801980384,3.4000367436719285,-0.4855667634953471,5.065601008841858,5.745988337149974,2.8160689841731035,-0.9447356127742921
-6.846818890917175,-7.83824428687305,-7.69541418063033,-11.030143167362569,-13.901767572564053,-7.60956085514089,-8.909426330166275,-12.634315910607885,-9.292796563235887,-10.215384005593615
1.921012882089042,-6.499469277005784,-4.073029934755051,-6.28038359728601,-8.521111689542762,-2.8652249049779384,-11.075702444733961,-7.713468715063752,-5.698945613557665,0.08573549891068327
-6.144680825373351,-7.986880423939508,-6.530679118620902,-6.570125786228454,1.25649359977408,-3.06421281523503,-4.067679572215324,-6.236814103498595,-4.4655213869334895,-7.326352295247597
14.683239361679638,15.068720710598114,12.303200023790424,17.901455212556485,9.987053386558173,15.165961472626494,8.631077870914535,9.46432583220861,7.11883136325895,10.815233155454743
10.653630318939534,10.04972575149034,10.521037164435697,12.319903308429746,7.8634447744271725,5.984312922094641,11.960256537819637,13.090222565375317,7.976294311860641,8.06046587619388
4.157384439504026,4.863630627167466,5.2322460087887555,2.3469065005232475,-0.021400243418708387,-7.229926675339167,4.081630773107108,5.700048498391912,3.7377248513980175,4.735714700664788
-2.6191752575114537,-4.677924612474817,0.7619191004478267,-2.685659280034922,0.1446985812096565,-1.7499700605263049,-0.7546017473931187,3.7323546385389514,2.508505183480167,-5.659185207492227
-11.17524854388421,-6.02849202932435,-3.5632879268912165,-3.6596310489537074,-1.9180443323286562,-5.522573886378377,2.0948508874860847,-6.165266238679592,-8.40313513311196,-3.9546299535796283
-0.46241179990687387,3.7899749160351357,-2.864567245032608,-0.9596596945767695,-3.7503647582059028,8.10221037240808,-5.427082311737963,-4.743023098372797,3.0055507737507234,-1.7430424390272936
-2.2763180672095653,-7.809124711640058,-7.935902130910195,-9.677517453367917,-0.7998140652849708,-0.7132625978514615,-5.329087085062513,-3.9285507081925415,-2.894502763396438,-3.187718190183877
-4.281220788191651,-3.2105380120700677,-1.8952640035870887,-2.143530730418129,-9.27448861848382,-1.9929367449831208,-7.718715642771505,-8.829483828136112,-4.858449632780464,-6.023800160033117
7.718805487582581,6.786834608601153,4.6324292410582375,5.484518632691776,2.0938958089287594,2.345995189051191,-0.2351059182539521,4.145828959824339,3.9410260422479544,5.236447083339032
6.90828371647148,7.339492900133194,5.241617610526503,6.342599378967057,11.288230742406729,1.3877319417604914,10.07230003792039,6.726772170263621,2.3754710841135744,6.371631795146474
3.210552500169942,7.881780695521782,8.173040487141435,8.693663282972963,2.4806140127970484,3.1674983663924796,8.711192345210254,9.177267465364169,5.190027542260665,-2.9263671679260024
0.7911342874440308,-5.10131358415777,4.151104927303288,2.381220960288684,-2.5379049748200107,-6.765748360531912,-1.0356325062243386,3.8701275623895004,-0.9858642652982823,3.2838161571920748
2.9908128242711345,1.5323786832902173,-0.36712761992973036,1.3110832474222842,4.445615228287365,4.4255127537686585,-0.0821749728674055,0.6635240723773456,3.338054460694242,4.584087219482262
-1.2476244601185789,-1.5415635248911748,1.0754638496632625,-2.4523000472779457,1.3878352694085794,1.6180279825006514,4.661836509662707,-0.12905346520431504,4.354374467342207,3.935952268028774
-4.195575801331957,-2.3495081372943893,-6.194738158214395,-7.239414741127605,-0.007392498092905653,6.251267291585337,-0.32921136899902204,-5.020441328583879,-2.315093374442365,-9.582534566682082
-2.6074507151169812,-1.909276534395753,-3.282963668858936,-3.091436198977881,-10.379807799311504,-2.2940697773012766,-7.4292840139308405,-6.3335810313044485,-8.746220211516574,-7.80066814168281
5.0476541370080374,-0.0022643379630324367,-0.08746461400536965,0.9508456299299564,-1.2361526366270863,-6.866065752926628,-3.3368380327650558,-1.5846819249888013,-1.8254996933487044,2.905298636479479
-7.765835338484621,-1.1805310004532474,-2.9567087381250126,1.016350792479735,-3.08558740510212,-3.373994128118704,-3.7985652578111755,-2.8967787651187504,0.7610838738258952,-6.316276783847435
2.818947403556606,9.889552850088384,7.126045710743102,7.512744740670323,2.9855573911475872,4.590634579701027,0.3287454690959136,11.357631087598506,4.047711498857778,7.834400142161481
4.883142524788669,2.9806459658782156,7.779090414389382,1.9743185129419407,7.427944928070354,3.8282442898095974,6.071483031509483,6.064105029129529,8.53723899628308,2.9331249617995954
3.726030504781749,-3.186437305286183,7.200665576409771,4.140318888023981,6.512143296737792,0.7594204543350436,9.575111833740845,-1.7233670976011792,-0.6236831094666693,3.2439418317061848
4.773926186679484,5.466179958545926,-1.957296278573296,2.4377409730208868,2.595170177429649,6.560272141162646,2.3790396622424343,1.0774319337426477,1.8530868418924094,1.53720953041559
-0.35661536367384816,-1.4469482245096612,-3.530398347800292,-2.0541543561113174,-6.608424691173336,-3.565167953984322,1.5145475673492244,0.5980987531151003,-3.8351625831329335,0.42448009526587727
2.45690383887662,-3.579906846039813,-5.369856571800645,-6.130318125234896,-1.2252522234497363,-0.7692919250722585,-4.149461033982388,-1.0362571983103863,-0.39204596060199315,-3.3566837092147663
1.7255474230154215,1.554353103510664,3.7351278502197176,3.089191841024574,1.6240387773546021,1.998037352455955,3.8542411160390992,4.099223056781155,4.329360883793784,-0.7601485624252778
-4.729231950902502,-1.0364249544702402,3.0750204939995847,2.206431589926233,-3.148021849380111,-0.8137024445414496,-7.2947658000137725,-7.1138939256186795,-3.541539914480045,-6.353311993384061
-7.624717642441625,1.3826923736672547,-4.8338193929298425,-1.8938254616492645,-3.2593477719058015,-5.08784810381555,-9.476822343563853,0.9562493775031409,-0.8230110244812362,-0.41986836445520104
-5.1734581206546135,-3.1709264885703017,2.79357708634402,-2.7933385764366547,0.12871315995132443,-1.5993339841594623,0.5777134649559502,-1.5766998906888645,-1.3152846689477593,-2.4507646540868797
5.460582805238876,3.77279434217169,4.203605685035282,2.34618699577967,3.0223112212867886,6.112508044152464,5.951220257657658,-0.44722955729525227,1.7503187523554713,3.497596411815985
6.963554557427717,2.4422086072979567,4.557028831649229,6.298352754263959,-3.8570961823111993,-1.7455329603780323,8.994739101281528,3.9405186438596136,1.1765059235110198,7.324148722293355
10.766445096307029,7.672225252548581,-2.4001659106080755,1.9023163513957217,11.088086625424431,8.211318516139038,0.8326236684053545,0.05707049725746527,3.877591467691548,-0.4112255570459825
-1.7208616355177595,3.206192682518292,2.474096092364667,5.893851684903147,3.931312047871873,-0.18516387967819142,5.651839018682404,12.378115449582893,5.032171243074933,5.763187224896797
2.815557259625853,-1.1606946766170447,2.5035053961261875,-1.0984365153116966,0.8888303348643434,2.4328055295855484,0.188538733221019,3.5373199387609113,1.921279389753951,-3.815151264814923
2.4421707176592364,-6.6449617714095695,-0.5907207220622029,-3.5543832362185332,-4.8319090940172975,-1.4999040588470622,-4.750022922206351,-3.59392429963781,-2.9693250452514754,-0.8088898055281641
-8.359298181137083,-6.15176067956494,-0.11131921358640218,-4.495869786000798,-4.269215472986093,-5.765203280147129,-0.8572128307340865,-6.835929937852668,-4.781823917172205,-8.452754667371869
-7.185394340202039,1.0154890214871897,-3.126646262937201,-1.5585972301226665,-3.1396547865161164,1.2171184881491417,-10.095758732143832,-10.260131486353572,-0.2802356102390322,-7.631640919385609
1.305174984588124,5.878932622557478,2.969941526843464,8.585366502488576,1.7035542417993175,0.40902582690184786,5.445883902884505,8.58051432313821,-0.6695113982931156,12.059312851419122
3.629709757921973,7.661660908844244,0.7143937811228442,-1.577493137127137,0.1783706548863772,-0.2646752503129927,2.6012764988510964,-2.5804100581231504,4.946904488874306,0.35106767122011284
2.291230808436179,-1.638611058759944,2.752158286928158,0.19410880845726203,-2.1507031996812316,-1.912190657913863,1.0175473161573694,5.75424642534704,1.189194562314008,3.4058409735450996
-2.997076602828004,-4.871817180311949,-4.572224843155504,-4.247071476227092,1.1243052595792777,-0.2832801121718461,-3.2143147874531413,-0.6898925203611808,-7.33795364356621,-9.468713014167657
10.429201921613261,7.689219220549966,7.741615624520513,11.369036322293443,6.0389290724525395,8.246694907324713,5.985231918425509,5.40407726193555,4.776933172118367,8.167087875363151
5.175319034043256,0.19041890365480485,2.9832373184923453,3.3196936115974314,11.522297680303256,8.915749196073584,8.519059127214387,6.543147142639639,7.917537831672978,1.7662265077484585
2.816902160611385,4.568868183965739,1.6202757061288666,0.8142495476823757,-2.2997516416252326,2.658301041790699,0.7108457894666983,1.9425273218684591,4.94467758843175,0.0682314662782223
1.0642700907309033,-5.426862726900092,4.729466357544732,-0.7716941187947587,-7.252610067017646,-6.87576044087895,-2.5201534805472,-1.5229147217940695,0.292529144502025,0.12904560459997994
-8.316518243406174,-2.7944496059299886,-7.3120563058987464,-7.568165305549174,2.5724644936272827,-9.016888737610053,-2.533107355944362,-11.320087461515914,-5.2335253374607404,-4.82402783209637
-5.656524260285306,5.683425963203978,1.5293688233716822,3.819285197449445,-5.3288824740805705,0.4728455952006849,-0.914009979740551,1.0040528865105487,-1.9045414135362477,-0.2843141613046134
-5.8151040550451665,-7.066184252185213,-7.570271076890494,-8.004620757124044,-7.70891452557272,-5.436055088276185,-8.209320895170217,-3.122042931305356,-10.400943474697954,-8.216650645474182
-1.4156161364263844,-4.369244560111009,-0.8888219827959675,0.4410529024294277,-10.840064991167475,-3.9002953606564965,-7.641361201131678,-2.9236761705767753,-5.363080724128967,1.0454836256332127
13.403176989785766,8.604745392100101,8.21330843693628,7.18421245749408,15.611409450245883,15.38832947021892,6.107822698833569,8.986460698704601,12.22032300365065,7.178849795171535
5.18882743054883,9.229440862475931,7.695418057653556,10.110403431471541,13.3014226823727,10.548679779174458,14.779559791442109,8.247591197221958,10.032049585613931,6.899559598855037
7.397024669414869,10.124514888463672,7.064848609162834,8.318565315401381,5.244218074139104,8.455291811611229,9.81457220033733,9.559106541234097,7.32772218052922,-0.5351151938646829
4.7898675278079095,-1.9505562025293197,-1.0399506784971115,-5.298140454994995,3.0567885572097584,-6.953224299134494,0.11908339322254058,-0.600749130545907,1.8964283810061653,0.8772653524227578
-6.44460793453322,-9.697993138940879,-1.158168300141224,-3.3949910161582846,-8.641602351963158,-11.547922120091444,-0.7554283823878656,-5.732565974186125,-5.269055807866362,-3.4290053327916215
-8.532483876382962,-9.201787287811152,-9.705171228202882,-9.173846864703698,-12.892450149374023,-9.114206134716635,-13.99576353962669,-11.724853939252183,-8.680729603368928,-7.344564021725862
-2.3308549251882145,1.262483496072842,-2.4863696764020857,-0.21594681467549853,-1.4955769154919532,2.9149556068103752,-4.43024840866585,0.024516682959576264,-4.109906507138446,3.0656409208340127
-2.9177477321230283,1.4119182674675452,2.8259607109986615,-0.8742089537727322,2.1686674399338446,5.568226436281412,-1.7794628773920622,-2.1799924135488573,-0.13430928002096554,-6.488833988325196
6.576115022984703,4.245780016438799,6.9220520443078595,8.868911432383765,0.9411428017612313,2.4770312048487293,3.7323272816193866,7.095774505415929,2.1269180108943777,7.966389785079824
3.019873006755728,5.001315471337949,1.9205998114176719,5.206724539221174,1.5103592306601665,4.871251369118944,3.687154677421404,2.012977962855547,0.728781631873739,-3.128651628269686
5.746984945718755,11.349613834724241,3.879892449304394,3.9661532965716693,7.063920543328676,1.3521916354796797,6.52101499138378,8.111723913019324,8.413007484867133,8.36725719759194
-0.17752649308078794,-1.395354999037603,2.9246208079772362,-0.054078106289099925,6.720084500388817,3.0981520707879002,8.628456043536305,8.111542243155009,9.825227302018526,-3.292680707639032
2.144620639507245,-3.191840757486892,0.11092188605086267,-0.21762328076837634,1.3623607450498145,0.48747120491674245,0.10197187491604431,-5.775433532236567,-3.4380540077135073,-2.1334584855395256
3.089060455569016,-0.1702444749497235,0.6869638600484835,1.1438807780265412,-4.593840386324086,-2.796422514362154,-3.8678320046211234,-1.9674054010351547,1.3278780526844094,6.969567365830472
-8.284710729041008,-10.391616194969304,-9.580050308703399,-13.198111397737065,-3.6495788534224833,-6.542072196461207,-8.974292368559823,-10.457039704450365,-6.293342908096295,-9.69953530670698
-1.578965661872279,-2.2992696627149822,-0.791592066766333,0.09220016350185917,-6.996882990797622,-0.008593991568375488,-4.66047314849187,-0.07643992343310269,-8.237860619517555,-0.15696975752615683
5.824865557874819,5.364076791129151,7.019613178316707,6.629407974008522,-0.5569267069760572,2.7395576562056956,7.606362456401786,4.268565978505225,-0.3369498128271707,-0.45909514321777534
5.318447683091294,6.6444309721728265,5.396893652621908,7.776842668938181,3.312889244222957,0.9597625608656051,1.6207041164029423,-0.39374487236545974,2.6610231713213928,3.896974127804318
-1.522703873211618,8.683909040085918,1.4303900424794076,6.777681440754321,5.891452535853699,4.292957684351538,2.864276696155741,14.391393753144555,8.803030722844564,1.5909680463840976
-7.133841992959129,-0.991619535226548,1.769604145772055,-1.8508197398836577,-0.7295260535641561,-2.5985631132936646,-0.8173817567067218,-0.35042612184246147,2.3199701972720224,-2.63275393323746
4.278743895130979,1.1280422160432022,1.7721266885815545,-1.2367363280264216,5.994213367102407,7.169397214199057,2.5732801790752573,2.1450415441298922,5.578780640394164,5.532975409199983
0.17546213194639748,-6.585744404927589,-2.9349103560467444,-8.616431446050003,0.2059343615134811,-1.415598290225821,4.28857330824981,-6.430675283804936,-1.5689915507991152,-4.337019605932078
2.489267297132205,-4.170960433526527,-3.006878154189546,-1.3601845154743066,-6.192244006299312,0.6279463529902134,-4.864714187621998,-11.126278259312068,-7.6652412724976475,-6.683332435353939
-1.367616929087144,-1.3872478522380445,-5.387684711424191,1.0396243042174702,-5.620838394953646,-5.453085202721014,-6.373405880136602,0.14515012037191388,-5.162802812955637,-0.18734319036003066
11.86235311799812,11.290859431434198,7.5273050157696995,8.910858857304799,7.4271333837520155,2.777317465891017,4.925617168331085,9.396619345998248,6.83366043420781,12.014026558223222
2.549515967680007,2.1595389133734413,8.201533897326604,5.634657086587896,3.349852811670431,2.7008636617349864,6.8979686369645,9.154176954878936,6.98933067216724,0.5713780468362452
-7.071764881542276,-1.614357334162094,3.4204240570278093,0.5969108005015249,-4.96335118807923,-6.582283288919943,0.10959750846596206,1.549981234440124,-4.8507298482096965,-4.101580601630667
-1.767997074314514,2.3098491742080123,0.42737516813035864,-0.5760488396157389,1.6645899337197363,5.231459710214632,-7.09135873062073,-3.1399427328240543,1.3782293975789504,-4.799888740485181
-6.553613139094924,-4.839716786660663,-2.577095316490821,-2.1966477266403617,4.250254405775321,-2.3120065085647097,5.777271732693771,-0.5657100861701099,-1.932005532898342,3.3375523833934633
-0.2727163003179526,2.672846080084416,-3.955747388659277,-2.1623163596476362,-4.722602824268377,7.39529524137659,0.1341650643710277,-5.320231554103733,3.299170322981161,-4.133752324252587
8.347925065856677,1.422768717202985,-1.4187311293534597,-2.296513923595022,-2.572350775412116,3.280172886842297,-1.8232374921970371,1.0650151355485356,1.21495367874773,3.3584265307971957
2.500132648290059,-1.6686791391235887,-0.6125335667025227,-2.5551042250570495,1.961782162112263,-5.959151146616217,-0.6230709795398081,-2.9203884594450993,-1.1559682556242685,-0.8553528432307214
2.9187488232729204,4.22785713301004,4.375293903148618,7.196892358268973,4.631061576645774,1.608262171847186,1.4945624051485358,2.9434514411312427,3.6654976330781115,-1.8884938276029106
0.8985219469124943,1.7604150779806524,4.083728435827638,6.716926684382699,2.8792357594739206,-0.4837298369707006,1.9056920375205149,7.208419159404986,-3.949600462523157,4.256023376577923
1.5479092161179602,3.4911055525138557,3.5814739157507303,1.146640324431815,-4.272419041482324,-0.8310829296317179,-0.018352803880086643,4.322302269147746,1.9691341415809345,0.01341190880840315
0.32512405887950413,-9.924717194111029,4.75045593427148,-2.436705824813095,-2.3233619616196624,-4.584884826717103,0.5344347433909171,-0.703082903269992,0.86730210968888,1.1247142023322438
-1.0562615145466352,3.893953196644667,-0.8635184338594746,2.546914993564948,7.530151749913565,8.753979761268313,4.783907237268339,-2.6722017958805595,1.45679393823647,-1.0722057472911453
0.021195990105180695,10.929516144711373,3.4242501568770045,6.629123470742514,-1.4589867116389608,4.937929260240947,4.323249949067171,1.5931618001938364,4.570843467364098,4.863682434042614
0.185132017075468,-0.8713739036296904,-8.68631893551302,-8.601716634765745,3.2894750865296194,-0.6983422971491648,-2.749145498975726,0.2845695658136709,0.13471259049067985,-3.000269312568131
-7.786066294880882,-7.913891689416844,-5.6974309309607305,-7.501918220283256,-11.14374778090041,-7.231889183504924,-6.349356571531324,-4.700357461480168,-6.761833412515996,-10.547251003585425
4.885071604229082,-2.949081302973988,4.12882280565579,1.0964263746725662,-4.540352334959314,-2.3552196594780748,-5.691870132378176,-2.4914333159768693,-3.34383337181912,0.1968258340044346
0.17376105762662253,-0.2514859913507768,-1.4896498646104268,2.0483506945513543,3.957570324020746,1.0498541809594795,-1.7270050410863722,-1.774942106433802,1.5278427793535005,0.5931562069208897
5.656994861941944,10.397358602660912,9.78776464691077,11.09243790298759,10.250858134821694,9.317214356671489,8.690768942968795,9.518088713742292,6.612313104368496,6.039445105717347
6.055455737458216,6.241130618409686,7.936632377521718,5.3344732645219715,7.045437411424267,5.637606132158836,6.742990505886496,7.360093413964777,8.919361626796292,3.998518878753096
2.4810294877565866,-2.093806565374395,5.292429244550276,3.5651090070841116,-4.607603091099207,-6.900689334689796,6.843737107282578,2.0161803429435534,-2.4978317242232917,6.252154607447386
4.0669883717330935,0.9321353395936821,-4.835718659304121,-5.205471028032378,-0.06171796285145298,-1.4190412915707113,-2.153248063326701,-3.790323790028781,-0.31507041840100325,-1.3318095073033853
-9.772000781844442,-3.972860030225583,-5.350076280205162,-4.026147966203159,-3.3155900850735724,-3.4676052216568234,1.8993098437754954,-0.5271950895875878,-4.025655855820566,-5.587685848184849
-7.0611013767448165,-3.2875375702912684,-5.3219538464824785,-4.28431739224472,-5.603737192702363,3.068019961422828,-10.348929287056524,-5.214359167641377,-5.8033670811946845,-11.68357106665704
7.264498201052377,2.4196734733313594,1.4278755095511162,3.1704633440969734,0.7277933105039103,3.4384904744327325,-3.5897774604444974,4.616975241172639,3.8434443770982387,7.563102365654598
-2.269743407971405,-3.974256881327691,3.579407505975075,-0.33673099463906886,0.8161731449880676,-0.28720905657063434,0.4175167928561371,-6.117835210957515,1.2829768992010948,-3.769908980788867
-0.6052251929920495,7.275437883340307,0.6978991645625188,1.2375827292577357,1.4629399960486926,3.1038216107134335,-2.993738968400086,0.8638393822089541,4.3658494741982885,0.052661168591804086
3.1837805424834493,3.2414244034518824,6.943966199389816,5.210474403236242,2.8051575555165704,-0.8370141680819205,8.647444104312827,8.13964940475724,0.798219022502953,4.527102035688239
8.057702677242354,4.569959085745231,3.3875512335039284,3.1005949421454515,7.416180811479441,0.6789108545747543,8.210888756346147,-2.5813171892633986,0.2935967225856161,0.9927242925127067
2.7675566907444367,0.8152069407590555,3.391283676306441,6.450682149609481,-4.031305614483724,-4.167075393200951,5.184926641949067,7.4469390542500795,3.2493958037943687,8.033669662569533
-1.2653815865633287,-3.4138544013936323,-6.609285824363143,-5.908316314574431,-1.5633227506176515,1.068619335868992,-7.759632750531511,-2.103699296926945,-3.6243472676796604,-6.6576303047608985
-1.2695564908346153,-1.9406658002779584,-0.21999785173613787,-0.3057869194395802,-2.9186891438824483,0.22558539829972957,-3.904533153393623,2.723101015805401,-0.07170848884707143,4.635153861143749
1.038275964150258,-0.619823254169326,3.6026817377986062,-1.2031106886634648,8.9097999169212,7.994681056087509,7.20565616011768,1.7748612408951097,4.57091613174688,-4.497331333767843
0.10624048426632948,2.486969979022985,0.7726131410871644,1.2774449429360333,-1.1839065969832008,6.018231448728453,-2.1113757005035945,-6.957684873274919,-1.6734519886942278,-5.95477482744839
-2.4027051360733056,0.19686557317546827,0.2647586852762065,2.5572147946728783,-9.532174273394407,-7.986278651170992,-2.303060984585609,2.276334883299972,-3.9209956379446433,-0.06107004028519469
-4.966833383652805,-1.632983914369247,-6.100032638660727,-6.927045030639455,-2.0468909456293884,-8.416565090428213,-8.485831114458314,-9.55861802980434,0.5229575681615328,-5.758154989649558
2.9563563546848743,6.884191813160158,7.1783729658606985,8.50894933716107,6.634140094227376,4.369791266258674,7.447647344338797,10.698536353399248,6.210116350156548,12.175969407788806
1.20012275521484,1.8953014070124299,2.5638993122730644,-0.8091029424845239,1.3231520622465385,1.0150551745193404,4.810125445729375,1.235622002593812,1.4326180597104345,-1.925683162460885
6.0465936400691875,-1.4542601790304102,2.120432272026826,2.392090151533582,-1.9499466609617968,1.0442748632197076,-1.7468686316610311,-1.1670999166271718,-3.2032499390844364,2.6419545282077483
0.4450296531837168,-3.432035618687211,-2.8191157244210046,-2.2274226441414977,5.678230803363844,2.7594902491797004,-0.3917720963152078,2.1793630348661712,-2.424933748602299,-3.429206199393671
5.57945022097143,5.44270204129176,4.8479268485966465,6.544231102487678,1.4140071626971806,4.784819348135095,6.231090974265534,4.057648863445021,3.982188613897101,5.101685463170287
6.044266445753219,0.5268663037782687,2.972473613922751,4.0918680848559825,0.30558315499131317,5.664969981050865,4.9608573777704335,5.482645345623305,4.160402885674083,0.706626843002207
0.7986932787539294,5.399098597414475,-0.7583213398977326,-2.11570984162088,2.849786786950172,-1.9400003982555079,1.625608241178969,-0.11447663410927589,3.5729906951441044,-1.3238656855338422
-6.639971222014826,-1.1824172955379106,4.769513102218975,0.8523087041252987,-3.3963094855099856,-3.588529208475588,-4.36282619255392,-2.6762432698759593,3.2791694508294134,-5.372712393997567
-13.146750864187595,-8.624533747043582,-9.236861988931715,-7.7505035099057835,-4.222157294986115,-10.720553499879127,-9.839837202274484,-8.108139875092414,-10.00048717884776,-5.686960728465815
-2.279720344106539,2.4221391635035325,-1.2596891157218224,-0.1055892063568043,-8.429231684667059,-0.7707752726653873,-4.328166808561925,-3.081692366946284,-4.037070706764274,3.3301574423973657
3.474181437746586,-2.994141833418889,-0.4429853637959714,-6.21371848571148,1.949806302812427,3.9890231452551026,0.42479769675446966,-1.641185756207439,-0.6811857115677271,-2.7700082146066896
3.336871843095013,-1.2960415872588174,2.2761146861854558,4.195270543236431,-1.6687961175205928,1.060258685256268,3.40560322052349,1.7066972858340694,-2.1701729761429,1.9497351274742654
17.5761820884456,14.27240215474935,10.264912661566155,16.354006878171685,11.445452655407696,14.68326649835185,9.341577173647241,10.659626993491546,9.174623288175308,6.4833970488409784
8.390006100178685,10.958581415101685,5.970753788689036,9.304767047605651,14.983917072675814,3.4312731739778353,11.49974750739565,10.822301494337374,10.923745845297265,12.229149330769879
-2.821038110579782,2.9905113901350933,2.847872714763838,0.28593473936110675,0.827594248857308,0.7625119772494544,5.579111322467881,10.423110168298786,8.223744872078093,-3.95639058273487
-5.128010726327325,-13.792819196259853,-3.3515979649622825,-11.76138876676673,-9.69158895630727,-9.686592905402422,-9.30000004870001,-7.561568162291386,-7.488496685607313,-9.43695183577961
-7.304573856761145,-9.480576589336158,-3.3524369095378024,-4.8813770087510004,-7.685176974860977,-7.756160849426373,-4.864750377182489,-12.576828640169927,-9.576465172782598,-3.0801168106377577
-8.598621066433696,-1.890558628285328,-6.746270209451353,-5.682524605043565,-4.308014591909277,-0.3626621081388077,-9.206081101163019,-13.515347342497188,-2.853959282360978,-7.5163361458256
0.020987436258896874,4.27196182964326,-3.0957442216038515,2.587542427132283,-0.26371123781862993,4.8921144656217335,-2.89886278021908,4.0508056650769575,-2.169674171375527,5.383710359986621
0.8766984510825596,3.6339373506868156,2.7202330114363664,2.172729720022297,-5.298395104210267,0.6630770754146987,0.8045507164186371,2.328774969755465,-0.9200937873258845,-2.8059286856164243
15.624472929394594,8.607181426206136,10.571564369703363,7.834528487844844,7.728432476664926,1.74193247183185,6.2640908983596795,8.282086422401912,7.825352138744028,12.703115133088172
2.4040499069243024,3.18703212511977,3.762249361923968,5.7531168237936665,10.889926188780613,5.600901139859551,10.252799165367094,8.85378344482161,5.612456629629945,-2.5802731031059545
-0.8668356214666125,4.8385602035194895,3.6306130920386965,5.900524932218983,1.366300760285404,1.1645392723674,3.893887773718856,3.8845729730771277,-0.2604823512227874,-1.582813072194733
4.181895136178601,-0.2790283102558596,1.3842849756427382,0.5838589065555484,4.209465839218714,4.370808176302558,0.3245593129829545,5.89899383026436,7.781201090073273,3.777894698241739
-0.4353380177924079,-7.259061027651828,-1.1871997342708438,-6.382934420068577,1.673871895725109,-1.7409958352705672,2.4988661475169867,-5.548594760334994,0.29809869851592685,-0.2247479999119043
0.3532571836623113,-3.1729449939962513,-0.30925228858548515,-2.333540087580804,-9.315730433554393,-1.848967499549652,-4.4487999717667845,-8.11388303708675,-1.3498528367791318,-0.16364748684984054
-8.72703438424211,-4.690893762444863,-9.090988678568767,-7.712684312728505,-7.05986680987792,-6.411839418796775,-7.085443940722369,-8.706789733673007,-9.254007487089424,-9.282213085546323
-1.8860304383048732,5.301317987811857,-1.3104644357138213,0.7582372072105023,-1.2838785868143225,-1.4172269315387185,-5.973145685212587,-2.1614785847900446,-6.43241393379018,-1.0386589644850388
2.8083968399691095,3.486068805629195,5.086951514639816,6.225071859581794,0.8832370551708295,0.48581223984489674,4.656428151139085,10.505286986177822,3.294049772705887,1.5031013192575102
-1.6739317995483147,-3.3122603384619036,2.9902823711640365,3.588358557702923,-5.68583628812624,-3.4279761912463194,-1.6561639822649568,-1.785294723790281,-3.752551456598111,-1.674738092943024
8.683896992827801,12.432496586009247,5.264230804504934,7.186871892925936,8.48562915928418,11.947921662045939,0.371955866389143,10.790446960124479,11.565742379065627,8.068679068358373
-0.11156097009555344,0.26088034671891697,6.530107970355639,0.562891981428909,13.378175880513382,3.5953994516214056,12.380617881709368,5.853214504960486,10.043775209708793,3.24561046642408
4.8469983101741425,3.45655105952246,2.8382784691470593,3.6834627537852818,8.323081050345857,10.662568472167207,8.784268436187222,-1.2677680001184228,3.6124849814541835,-1.2360925250646377
4.952526028232607,0.013888166773870503,-1.791915948850034,-1.0066813556040781,-6.671397633214243,-3.804470677711804,1.9828470003285337,-0.04871105993442937,-2.2662729768212633,2.801989498955489
-0.3316189465493099,-7.948821712690445,-7.782773162210271,-10.350780870725991,-8.752164009105467,-11.760697653745263,-8.570174890205449,-11.193984745522428,-7.950412201548785,-5.484539032585461
-9.47173128034667,-9.277434690354943,-7.707187978533284,-5.645621917624383,-10.134430357710386,-8.736534463080668,-11.435693780991738,-3.7908954901244636,-6.149766452649039,-7.67643101971767
0.6332037969518227,4.8128714701046365,5.715483064008755,7.160863157283077,2.485182439091497,3.424960852310239,0.9535839036899371,5.246552082046464,-1.754794265399901,3.1767312559277636
3.4006941508769466,9.147312700056274,7.866989965009134,7.7442675270070795,4.869744164180512,9.682293432475921,0.5612116537368905,2.281879583515933,5.8590548862660246,1.4306745138432886
-2.450129476752989,-0.4255820914984086,4.406616667428203,2.0598941228148715,1.2049475500247495,-3.3717159111062758,3.7920183536736505,7.1495373869496115,1.620399752003923,3.1906017353424243
-1.578301574725593,1.192720338257292,-0.6638049754963108,-1.7787055046866047,0.6923518676572613,4.524544579183139,-1.530111354511737,-3.717151188554993,1.6718489468093887,-7.190598625710475
4.070629993971319,4.3921766421823785,3.9400756850659158,5.184355803132533,2.477717695648177,1.6814289761290506,9.283121325559252,4.427855757570965,2.177450909245827,9.883697104374535
6.508637136163758,4.214704953030895,-2.673016951774712,-2.573889854286557,6.513667956327708,3.4290808397434933,7.229809727602724,0.5888638145872765,7.001651700137357,1.0346949925498086
3.547868401547016,-1.136208758388127,-1.6758664672630816,-0.5841401980178292,-0.03518500769510141,2.5424398696382915,-0.09356916879454769,-0.13736238314456106,0.9394252695778879,-3.766514380144748
-3.509629121268927,-7.247756961276128,-1.7704227414013882,-2.1807769196414086,-6.447212820820546,-7.830612925347406,-8.789678979939684,-2.438741470303735,-7.481039802261001,-2.9709612617992702
1.2561055392209384,-0.16281800999788787,-0.21627266824208663,-0.35013060027217685,-2.121971477633601,-2.390319124177011,-7.234982743941806,-1.91151375508518,0.4446042323983831,1.0512852491314946
0.4325117183479672,-3.062988531972605,4.683079442795831,1.898999899280919,3.093778772674269,1.6971336968441098,3.475759287135773,2.6352086937454917,-2.0964340875359957,2.0969214217180934
-2.499165122699809,5.852680065868305,3.0850831018209877,2.382472070574482,-1.1878825198561254,3.4973840778679364,4.847729406255658,0.9865764008898408,0.0878736191231635,-5.642881057965004
1.5939445091032622,2.5463624754915157,7.09924224148522,6.644717693207366,-5.1701839426672045,-1.2649835489768078,0.1958481827953804,1.0191323621281585,1.083771109710771,2.052444368346085
3.3244463038607908,5.3720874303093655,-3.3550992111580973,1.1846130999268079,10.827019334536097,1.8043701725338122,2.363973107291636,2.6328090985169883,3.906599903169517,5.510059506822803
-5.157419589658723,4.924900989690279,1.009782894775209,2.2186414494371403,-2.222926693227872,0.00010985403729863591,5.403177391466686,3.2263853700181166,6.555230266364673,2.117099572140001
0.0225494842965126,-3.818190868640643,-4.470031515851859,-8.456135890023132,-0.014724611802607979,3.8125037962993877,-5.104177598588848,-0.6221818251743977,-1.383621087979734,-5.708742115043178
0.1535301012303597,-6.984846680314374,-4.230372057446144,-6.469918318211636,-4.100590051777548,-2.8080408744267427,-4.277796354806522,-3.5785208027952202,-5.995074506988392,-3.6378180128171
7.72311906261442,-2.4412755504014614,6.790541741823456,4.676119536989835,2.7249484087147895,2.3713601174923853,2.670153341494705,-4.33097568983308,-0.7792317663084005,-1.5981292024396994
1.346074270296166,3.0089986611806925,-1.3321079014780897,5.408505446131384,3.5750628073746586,2.859216023308719,-1.0554975667093567,-0.4789537215985553,1.9099654098667092,1.6585501238743907
4.4119938449167835,11.489989342572699,7.879528315051275,10.517228022047725,-0.8688882530153048,1.6571045676466503,5.959394216510528,13.257636154287022,4.738164489611871,9.047657881458544
5.348517922511824,1.7070859994574432,5.058209996790891,-2.3087387365312964,4.388549271143163,-2.341707300574522,2.2107027803173622,2.492337690193348,6.751204366502879,1.1294998410341224
-6.934355930414007,-4.619718371090319,3.4727513121454074,1.59311539699227,-1.3147684849994423,-6.8031266023622985,7.228499383708847,0.8908865002408666,-2.688324996910925,0.23998866399665958
-5.451016843888343,1.2245046153422265,-4.787815933985955,-3.3594702950422026,-4.44020293210408,2.4182705949243744,-8.352716316400835,-7.9684257593597705,-5.7263915389936955,-9.658696864745659
-4.2330500038074845,-3.1075396604048917,-7.6573286208737645,-3.9448764631307602,-4.211835551924263,-2.0271520996800456,-5.544708732708101,-0.009442905196102025,-4.5115723625161115,2.735565079895026
-4.601612833813719,-6.2253694971487175,-4.817566834506988,-6.82747997681002,-1.6395421983341845,3.594513349393642,-2.6366466941866125,-4.218300452980211,-0.9788502675135446,-9.100168054061847
14.283990650501952,8.312418983004408,6.959594067043477,6.301871535003972,5.450081078458404,11.630160188961717,2.893305914719271,4.524565245878458,9.032304875777763,8.035631898701604
6.087495255166658,2.438094010694494,7.729796619020873,7.667081985033828,3.4926175405533124,0.475110759506908,8.487247432213014,3.598514084488591,3.3964805906518047,3.2079577089862523
1.9918946790114265,8.072602626913849,-0.11815528696883343,1.9919906756235162,5.856809586241345,-2.3297755788642767,-0.7340704697115932,-1.2702482497591907,2.9091274444284347,-2.4522109507114744
-1.0122173241998302,1.6144227369129815,5.778221044047028,5.362803798581764,2.6309481233440466,-3.2585566009048397,4.837631644980366,11.646069815147708,2.8711089027863004,5.236622975964419
-3.974124005628006,-6.516120568196983,-0.8215686802511415,-4.710037723824702,-5.2352285645626395,-6.463788325695293,-0.38136766259071786,-4.742086983447807,-7.208342012785591,-5.25368045520221
3.218861835427579,-4.331651542037194,0.6971897322056364,0.2510435452667538,-10.881306806238044,-3.7563261152230276,-4.371445530126959,-2.208075379527414,-1.8544839281276355,6.905636298816487
-3.042662882038923,-2.8729829789459145,-5.510109482690726,-6.0129904879261975,6.457646831439203,6.630494862370955,-0.7425153236348492,-3.8661579947927467,-0.9747105256867297,-7.339810373713819
-3.605486724227523,7.191265950154597,1.1433360114132305,4.526041259714984,0.7293133531516476,7.7437209058752465,-1.2658859316908675,-0.6406595578317066,1.2241645677101776,-0.510731160776476
6.994869009214036,5.728802998571082,3.978759636661214,5.849973892010214,3.646841116512885,5.773605685063646,5.759808006266159,10.887126062047752,5.431744410974442,3.8943532933188303
2.3248014408155626,-0.16150295683345073,-2.2007732346363618,-4.091002857580754,-0.0911427560964731,-3.615452129848898,-0.5014480828180758,-6.256171416725689,-0.8702588102936624,-4.081288897712339
-0.751523765976554,1.2021247637781505,4.473190124293441,2.4807976293453695,-4.601588420966348,-4.025513211814167,-0.30129754313131607,4.394356913561005,2.9586321105050226,0.055586516084489446
-7.396420386359937,-7.39934341620106,-4.250527107510505,-6.15865483599684,-0.902109538269228,-7.136834665595878,-6.276982167580031,-5.742585969087379,-2.9913288610023394,-8.034905823330554
6.711719186317882,7.068542692889692,6.546646950959368,10.706930680237392,6.834896632946808,7.326256787392244,4.683231396520396,3.777190011425034,1.8176718487581032,11.412082962451455
4.64222901122656,3.3350829686371677,4.317008431007563,1.2105458896010717,5.877077606031106,4.057825535870887,7.6326681368673075,4.10487755782116,6.345637954674346,4.113823652313103
1.1968419394273604,-3.7007773582886148,-0.773256503897042,-2.432715068272182,-6.574868570717154,-2.4176006959699095,-1.5010095758210067,-2.5135283151176995,-3.9979944973057044,-0.4234478839851187
1.313977064893678,-3.0955882185637473,-2.8298794289905995,-1.4552481708829461,-5.538483721948101,-0.491288965843019,-3.9499738457591613,1.1188612378498357,-6.182068694601195,-4.4888058641399216
3.561241339113974,6.272932454740494,2.4693298025700456,3.614271713184423,6.563545591272583,0.1865179080888893,7.145853425977805,2.000644907467284,2.6105017206094563,3.709588311358222
-1.659974866992512,4.771311735140453,3.0125203585969924,5.715870907776039,4.161883736498973,8.952201213454225,3.118184665763714,4.329316797541415,7.147043192001471,-4.79513115559534
-4.03153934202749,-0.43098554369911796,-2.6831270229307007,-2.2980480459774872,-3.9448350016632263,-3.643665160524579,-5.6811216051511515,3.097470952314218,-1.1939711462429174,-2.1867985819032856
-3.2631673058360597,-4.443704095238354,1.9804551631254692,-3.072565699680951,-6.496658696096474,-4.832150076341661,-7.776983021375296,-6.761988523332794,1.146640157601387,-1.7582407902955883
-3.8574653713958407,-4.55249132827726,-2.1095762758371914,-5.9596012384932155,5.436563533399034,-1.2954752663478348,-1.205718610349797,-6.627282699994495,-0.2807294157175357,-0.24031829759832335
2.4727676354148587,5.495342136355727,1.9052475532596,3.6486284344501985,0.7420371889798232,4.189778773247376,6.718797613093243,1.5486810894645595,-0.8441629587782045,4.234408944238417
7.647186536406415,2.673514929230358,1.6086188608339087,2.956075934966121,-2.216150492025761,3.283960173388033,3.6585521715681426,0.03198053857950789,-3.7268854270430665,-3.465460960937245
6.53805051272487,0.4330989653669365,0.5514504172209356,3.3896341593705395,0.013698272782521004,-6.057147919940354,0.1257909364770331,4.281407582949485,-1.2784767164595627,7.279324859389107
7.358119308450943,7.138398656420776,6.047936767167165,8.321376302131409,7.0288288301259,6.990486663990076,5.106116295777792,11.523630620556233,10.070645979724183,3.0621216599707926
-1.5278721539565465,-0.8836815786288518,3.6591065022238656,2.841518735833915,2.235539559158786,0.6979045677099067,2.0806640654731003,3.861482462591895,1.538820778683786,1.9149321425675137
-3.681004032807706,3.2079279397398186,0.65360410536726,-1.2004512532316094,1.7840196259594943,4.554273247914527,1.4697893276732579,3.5788475023149866,3.916335507161857,-3.6075020605810044
-5.194147916378056,-6.481590536734029,-0.39269694621075296,-8.270066507106598,-1.10715339884252,-0.9350488788245964,-4.510317610236338,-9.352061565536394,-1.6617263645993654,-9.608723959879347
-4.952731495314032,-6.471098255765741,-3.9618114547395678,-2.0778877669432188,-6.4533112971876525,-5.779001990615014,-3.3333647487357196,-8.550539658052545,-7.63623283701968,-0.7620473714851503
-4.804174883228107,0.3314604549339429,-6.851997909013649,-2.6355859312485364,-11.775077136053385,-5.267811469005522,-6.62206750735232,-9.006579959192862,-3.6397437896658973,-3.833430843116826
9.069345342668784,8.633363239410595,0.553768103791654,1.5531594825933608,6.523578437085066,4.157015732604855,-0.36709916347878524,5.2371175820629405,3.5287599564741257,10.120435707994966
0.26087535125113315,1.81965400446864,4.561882561942661,2.7191220045947895,4.081171853910179,1.3927268461553066,7.3701952043643315,9.169580451721526,3.9635812104303234,-2.257550160452693
9.010652362209228,2.096127795001382,10.322285012437666,9.768900123492159,2.0308126936216535,1.5542801087195712,3.6369636806947545,4.0549354824597135,-0.8481376973458925,2.7530448633014992
6.763471536183692,4.303358813901515,2.2219135295894685,6.391053836638314,8.37930752761051,6.87355724537421,1.9489024348137454,6.641235031930963,3.568430417684692,4.490302302774815
-3.4467942787662635,0.7713399333545566,2.332491471716989,-0.2647862070812174,1.6778119109606997,-1.0639277678199088,6.290782046319798,4.111411744978703,3.4756703550066463,0.3258974134328877
1.446091864271898,-3.281728829302386,0.3880688270087689,-2.8935619590517963,-0.5124242080115926,5.318263191115061,-0.25640865416270586,-0.2474838057872356,5.103470200609733,-3.3553201544385796
-0.8776616729935123,-1.5583385951273883,-0.6981381041362122,-0.8975073350600147,-1.7364160607303272,-1.6107630576061374,4.387714575354438,-3.7983447895576368,-2.6625658804772034,0.19257422124875473
0.04619240722971807,4.4276426565305895,-0.8281246575329736,-1.6675030438721619,-3.6027260295710937,-3.2576004395199956,-5.761472508487501,-10.19892169844369,0.4555938489482434,-1.0453366938087243
-11.743503102147823,-6.5689017479448175,-11.02365034224566,-8.117020427155234,-5.61970304773103,-8.665584835157572,-10.035378245985076,-2.470068726000408,-5.623007901556366,-7.320016623071035
-8.878409920944481,-4.655373322822872,-3.717075717171694,-3.4302469040247536,-10.282604119163517,-5.80496568365064,-9.250013783880483,-3.553028436214864,-12.845988561709683,-6.610371185232381
13.014997706008533,7.234656351552524,8.920792276665344,6.63426231175341,3.4774136786013083,8.1407762175393,2.1641073213724873,6.9043401931577435,6.056761428926947,7.980812341231786
5.3483492233152585,-2.059760456516441,7.750786195747621,6.002070279015491,8.421865645951296,2.765986373668753,11.541835656151132,4.418345903012667,3.9712535558386586,4.203626306718515
9.252151407870967,14.761005429488504,6.330382585070441,12.107070974737642,10.814496842527628,15.44109292001409,6.582944123501108,7.377637415876162,9.599446720125643,1.2996111340937513
4.665502926190657,6.860512918420376,7.67310237755235,8.172642071874836,6.500843885785654,1.2065270641354227,10.07489157378809,12.235178728830995,9.346493783686647,10.384619571311646
2.026112066492628,-0.3213102196414589,-1.9376165388736668,-5.307133601466404,5.7631610475397,-1.7260755345682706,5.0788077336037745,-1.3354744863287826,3.327314052403045,-0.037299122296160614
-3.1515883230269197,-7.876298671343026,-4.1114192159591285,-7.69192757744593,-11.184989595970984,-7.087919938071458,-3.0794409005266035,-3.984756670430807,-3.2532366165146644,-4.687098330402149
-11.560768267595611,-14.426809674020005,-9.594595113971215,-12.100776570747717,-13.69411495376599,-11.113054267326037,-12.542208154846591,-15.344052009474217,-16.5388669011565,-14.321834334880919
-8.620553097149731,-2.2896609036721114,-8.041731910850753,-3.5360114772052005,-8.614539005200307,-1.7551046923397304,-17.772450764219347,-10.66319286148747,-7.280042238550253,-6.817134552710624
5.254839201741112,6.001646712768322,6.701675674409152,8.623846479596423,8.653481177195474,6.635528230123906,4.636004748897625,10.846108234555945,4.716335334813718,10.468913592900854
3.5903896504658683,8.030183864105553,6.775809821382466,6.5416108619362126,3.8975060981180363,8.975378301444431,6.12245902984588,1.7046711277849957,6.152674435496462,-0.9600353713820037
8.174113656313251,8.806311337344635,10.92378766898494,9.440897652587768,-0.5675891601023948,0.6217195735874845,7.2978679465391245,12.14310323069069,5.729856194148093,9.736746456323498
5.203051861756119,2.7345792112037706,0.6189254613882554,-2.1902789993255234,11.928622648253345,0.5583301775500422,5.565533308719959,2.191944180136021,5.374330323965585,-2.022151308908077
-0.7294266703383424,1.8331991665912655,3.6829403471562934,6.896729528709728,5.014883463365191,0.9436959589250453,11.01278964896174,3.225478238877869,1.9019225000759838,2.758756193432594
0.4988753666047723,-1.3643728691216457,-3.8309061264735766,-2.1995625488709156,-1.8953270266051008,1.5576190610122993,-0.9367982727971502,1.0705108037286428,0.6765801535006256,-1.0809134260187405
1.8852251174950352,-5.526883901396057,-6.267433038653784,-8.131163156558975,-6.788218061974476,-1.456141426385904,-8.823114317884889,-4.9923275793609845,-2.2814681311018417,-0.8267353034103421
-3.9756393498334544,-12.071160571229385,-1.1710717344331956,-6.998703704743186,-6.232669807620199,-5.649749391532598,-7.219611730324426,-7.011951935963226,-5.627873427273838,-5.130063216659102
-2.7909687995968313,2.1987565033565613,-0.7126634821718296,0.8857011458704913,0.962565043992601,1.9381478833226422,-2.3689005338060607,-5.247239623343085,-1.436656290059389,-4.605007717641913
1.7013321685717253,9.40809113762994,7.031865750009574,10.980423417301381,0.2469567916267265,5.017034974584405,3.1371727265402347,4.357423959143643,-1.8799650875141047,3.0246515877319355
1.8815426957076156,7.330814299533005,0.5935023245223658,1.0201701769363418,2.1089850647664026,-3.4522255108665645,2.4277952762789528,6.29158729528739,2.537679584056208,0.9393841961489464
-3.5846710706606384,-3.4582526795295734,4.684774979383426,2.234235671901988,-5.934123924256114,-6.2028029551804575,1.2757756251948966,2.6523559319524392,3.068157908711348,-0.69413849355653
3.1618637710818356,2.425270465298408,0.8611882085030615,1.330193844669421,7.522819636203867,6.315216265982364,0.008941007678513246,1.7260577075289212,2.3882662246991013,2.8015867043477605
2.782176806452521,5.85394599879275,2.4768417682897956,3.2506413515087607,4.820231035894996,4.423958163115482,7.474737608191489,4.3482220287030655,7.3219891718922785,9.026532562908322
2.8605969426818523,-3.310385116068118,-1.808312579684193,-4.876442727705867,7.250576131871496,8.539083573269847,3.2578458752840347,-2.461724199030607,1.1809805175309847,-7.503697151487313
1.3258433138999042,-3.7243620277829046,-4.072830094313806,-3.1097635666316052,-4.483097568423634,-0.9986790320775032,-3.606288880429506,-2.282532417959972,-5.612951876475183,-2.572424095863602
6.478118045589257,-1.348644810489675,4.882305409963963,4.100909656049966,-8.394797979122202,-5.288749671532455,-0.061221384963561554,-0.5914282492883468,-2.6533803810650234,1.4100835733015007
0.639136455349774,-1.5250459577715496,-4.210530282208915,-2.2347065549218823,0.9181746670935561,-5.120097409424639,-5.5877852922784905,-5.346709445369984,-0.25819185042670434,-1.2104689138445848
-5.003391573253811,8.964077536856776,6.059850382646406,8.54523441195588,2.4239463530844616,1.7546672999741462,6.344156492936801,12.132342311584335,4.54767121692424,3.0354919380078185
-4.169487293109613,1.999455275205988,5.106112722109057,-0.4627380035411198,0.010064301890536365,1.4956045859205647,-3.9887654727567723,-1.6857642791376422,1.339883245910185,-7.1973875164081536
-1.3954051523770485,-3.754398001269627,1.1654989714768047,1.6743869000646687,-2.2110139518501333,-5.36267348038552,-0.21551919277475085,1.408638684632351,-3.1742415036064697,8.563239592076535
-2.9915283009572473,-1.7133273115152259,-4.283428922010463,-5.902632879607502,-0.4760079377359009,2.944763982895191,-0.6404337235309249,-6.972367044698608,-0.9018747253125561,-7.075293852150466
2.7864424456420913,2.7852058492681615,-2.125610063381401,-0.8134682722237603,0.5104522160302308,6.164517614848936,0.9383746424556649,-0.10185290049028728,0.6772881361634142,3.2080946129420336
3.7556258293243445,0.1869813948734655,-0.66717772146119,1.1763330028628767,1.0369021972310613,4.356833165471186,5.433083945170265,5.498048842465893,1.1346534239371664,-2.122301364286729
16.881110522505434,9.109583726577954,6.143539615512126,7.056279481369754,9.843950668651056,6.196562999384006,5.152974413407763,2.3904776139103103,7.5755828460079115,5.530759779398326
1.8914973884833781,0.811092344155592,6.564051463678084,7.81941138037935,3.3184081083807895,-1.94643167331601,4.677434972880553,7.104934494879055,5.469370470935154,3.9174786492624305
-10.039932003858931,-3.013477027028363,-4.327275200723903,-5.818641990346635,-6.794599789800735,-9.472474759134323,-9.32632688864846,-3.4310180439436015,-4.592811290942773,-8.698615698426389
-0.5609121795166884,-3.53243574588327,3.0841270999462234,-0.8368348057609623,-4.2190530684102745,-2.847807322926916,-4.718740527095661,1.9910553813702139,-2.2327708291357027,4.108589612211373
-5.751405301103601,-5.975249145749264,0.27760766142127735,-4.81471189717647,2.785741017494218,-0.9019127991933318,6.635749764305945,-6.504545681313611,-4.55870527079266,-5.93586052415513
0.8829316020346721,4.8002802083953595,2.0605235953550043,5.082871724421319,-7.233304309203952,3.7618093923524905,-1.7327983084242047,-5.5718359531645225,-0.558610871570387,1.7597512768962629
2.9139301630248537,3.4756432737944927,-5.1340315838281185,1.0400940927474784,1.1946880310308914,4.409419491347092,-2.1883634774863707,5.246106826359895,-0.113882246459168,1.051874253372855
-1.3869257676782891,4.5427930142981605,-1.8300503643102952,-0.8424065408018031,1.8220771940383746,-1.8899626727021062,0.3440416859946509,0.06085389871752411,2.0273577461107406,1.362754768959574
8.646050379310788,6.734062189173762,8.18719107567845,5.773556726682703,8.577426968940944,9.734371124420473,7.761571447720453,13.005148092308785,12.311372159424105,4.011009849688513
-0.10478556189157062,-5.927862458665266,-0.35126770348614156,-3.3226126629381416,1.0536386512636873,-2.335721705016566,1.7074008640602032,-2.4401393560087272,-4.384545239457535,-6.358039731393337
3.003839065656455,1.3864756435076833,3.841464109392111,4.67877897242169,-4.400831882246914,-1.0690476906805952,-3.065713490949718,-2.5269894284132035,-1.4338123908934235,-0.7082999292528617
-3.9543141303482185,-5.959561854576322,-2.4974179887760077,-4.139006003911245,3.6518160055153377,-4.094064304244334,-3.4544394764421003,-2.873330413860029,1.921691033961571,-1.9953990085565687
1.8619674856760535,4.8220255136314885,3.6529581750355007,5.882125460431624,2.209974723191451,3.8643812282026295,4.9290904523604215,2.4307616129345044,1.0229272905368378,8.346680550258592
5.511176422936523,3.6715303687606307,4.306244726437969,1.9827203628596228,-5.339636919280838,0.8070463208481675,4.0744663874233575,3.044375760804825,2.5885030086754477,3.054223987566853
-0.8213669424300978,-2.870546944839881,-3.1518535499236413,-5.362674457575437,-1.4253301421417515,-7.015902136016115,-0.5862471241087364,-4.570532271095437,-5.369681390593349,-1.8155450357971823
-6.390264247852051,1.1488572127984358,-2.789832684316358,0.1687546520371107,-1.68218314044044,2.795942266560341,-5.792646557765882,-0.034467310232055626,-3.1954283882738075,-9.990563862737469
-1.2689912816674451,0.442848313626901,0.544524119537078,3.4319335088278167,-0.23107619734081464,-1.5171468541801818,-0.1608764203523183,5.212592493890783,-2.156460120777566,2.8466554149887786
1.7168290491862552,1.5100249354400077,0.2234624195034874,1.7909965039697897,1.0615345259124827,7.708580345588153,-0.2959721630576617,0.2435715440845806,5.014513898773444,-1.1806595518933598
5.25774615076426,3.6410568750672043,4.444158690163822,-0.5071457745649219,5.713885826721923,5.781413073006711,2.9529969867735364,4.57832812741214,8.525786616887313,3.259843848964206
1.489320673685337,-1.3705011223861598,5.14539183210689,0.6816519411260508,2.6746101775504076,0.12840396957110267,3.269981400279876,-2.1316150669219494,4.339547905587456,-0.853989288454535
0.31553972726398827,1.1151654343719875,-0.057972051207312136,3.2101931821843843,1.270606738560845,-2.0005382382149053,2.028035864463875,-4.95411640520755,-3.3264291311928735,-0.9357710439288774
5.673946305044716,7.224482688981482,0.18058328429507942,2.8429920505843063,2.424531579282937,-2.9276278319492453,3.4389853290467856,4.123391386579975,0.047533300905131526,9.563998676153258
-2.5708762435882355,-4.460488569098217,-2.6083570335650856,-5.076554641074154,-6.632774317307555,-4.408819660973742,-0.5769087063013103,0.8959841656441989,-2.8308627354941933,-6.886736349807431
-3.3798277414103635,-11.409164028363598,-1.7601968692442351,-3.073614152401196,-12.734679240734506,-8.790516526208282,-9.293292505445521,-2.6794114487959946,-10.663401783073041,-3.03489232881326
6.49815338622302,7.3558152060254995,3.8536681577705862,6.834990309538693,7.985254207228086,10.78224793465515,0.9967943009831685,4.679367954572435,5.763236614807947,3.411010182124654
-1.5940093440072767,6.427547080896972,6.618007520975396,6.332840995494048,10.819975116623537,9.44944859428773,6.870346503936773,2.07098905934689,7.365591099691736,1.743160018467774
-1.3291616713605943,6.217406273310235,0.0442295601654934,1.603037988576172,3.0158853036328175,6.531432106725888,3.001174956120028,7.605136484432367,5.856567842924775,-1.289432621428398
-1.3997017331724697,-4.25957145351476,-0.49842464577304796,-5.223127833311567,-8.574215942986632,-5.84019823969131,-1.9263040164256382,-4.843294182232069,-2.4475108719042833,-5.925818657170575
4.095626411095856,-2.109696845998403,-0.312299129344063,-3.1122707114821417,0.3339783777160451,-6.514100723631891,-0.801601131995422,-7.364227741066562,-1.9377987091700262,3.9746779765231977
-5.419997983059533,-1.4828228912842336,-5.010348358507351,-2.0891936466760432,-2.395510177932943,-4.538161698264916,-0.05642301940662564,-2.1657744772268015,1.2439312080903107,-3.285052317953095
2.455524775483418,2.122309608205843,0.304488746525956,3.487531118240676,0.8259586540417938,3.9693633694925774,-2.9942263811437106,1.0099666421207445,-5.144729879615799,0.17036543820829564
4.620296980510522,2.935980693250384,3.0215467296081644,3.357059017439437,1.5705531927400769,2.6653829516699648,-0.9337015261890205,6.957032038830877,1.9195549984850695,4.813025245428079
6.430693704909575,-1.9710924751635515,9.024163392115959,3.6035889841919593,2.3423238442969496,-0.6741869314677384,6.033857953295698,4.281774254361289,2.8880150088835426,4.66175534892912
4.027668264276987,1.3006582948549896,1.2256973809555007,2.9136329710309687,3.657417480380204,7.821012260186713,1.3679344676680836,0.4947573958793664,0.8906995282211516,-2.642912549905502
-3.8891179339673676,6.472062365878995,2.8215531018516216,5.220640877927345,-1.732476045494736,-0.9336949901554767,8.179630474157253,5.8616617157560595,0.5150057760135178,0.7432196345935476
1.1390270878393043,4.318858821224453,-0.1308035419387203,-2.2275249153431522,5.200580195971705,3.9096302511447183,-1.5690811908834235,-2.332522467144176,6.908916886337108,-4.237009361397463
-3.8941303908992224,-3.436346580627343,-2.630799767813104,-1.3018434494867435,-0.29625229858343793,-3.8645084739669335,1.4377802700917321,2.4383762181149624,0.9684337050558556,2.15477068372404
-6.94618707540989,-5.529048654104141,-3.2347359389908457,-5.855987155107415,-12.601451561920287,-7.645339191631917,-9.0383406071554,-11.59047154986851,-5.957980778971258,-6.617048914556067
-1.5369022361084,-2.8203142020214895,-7.1898095802201345,-7.707829974983617,-3.0255264243005513,-1.0106208574631703,-12.527699075751675,-6.071015519020488,-2.8602962453353027,-0.8423056010967589
-1.8561288980809079,-3.4028734408774093,1.0434281074118905,-1.016535182712186,3.8250978149140167,0.38899688126443044,3.9479858545356024,2.650612190588083,-5.122183549272913,-0.7320067855708421
13.583252121051695,9.563165195031782,9.986944057230843,11.554461393565116,5.806281361844759,11.63394747550745,8.375095578484451,3.4915306489094293,4.090465769986967,1.211744406967165
10.125413119601468,4.53987211518502,8.893780602944332,13.611820369461416,1.5445336512235712,0.3771139861827701,9.236109348229855,10.800310126883176,3.273972129816512,11.342635411606082
6.431265164189451,10.983144150324588,1.5544875770497137,3.1164746194859543,8.254576839721471,3.0524489132786132,2.877483420917659,7.309930929665803,9.314275791074504,2.4984045368622283
-3.4386114250688715,-1.0296739196965217,5.353599110443255,1.4873958500329807,1.9872519230289125,-2.0769221962242312,5.0126036729329515,8.299133118334616,8.359530143993243,2.895531741954007
-9.203037254553672,-6.799298180971019,-3.749438490634611,-7.057129301488126,0.8212101028791807,-1.0784321481490484,1.1067744689626275,-5.485541750280569,-5.261140647204667,-8.874594424591619
-2.3004101398299803,-0.8885248846601967,-4.445963148276597,-5.582317137026748,-9.665098243460905,-0.10649016733052188,-9.416197883754215,-10.85705404179381,-4.38351240241588,-3.8278018633951034
-6.939132862806323,-13.23803443135632,-8.60840250357082,-10.637793248434368,-7.525816215662013,-7.902486889512374,-8.859787309638905,-9.74449585696473,-10.067737300942877,-7.029651997907824
-8.43085759756081,-3.4067897396228317,-9.132912054477421,-4.738668142276067,-9.586777071262778,-2.4620198233712243,-12.211203388110354,-11.240401317218407,-6.986422689319816,-9.207844437935917
15.879082334807354,15.233540141611362,13.218846675965887,16.004850009369317,6.880944467068328,10.628963714817669,8.1418543417631,15.839674078297023,8.825791776957885,17.015058313881926
10.37174308694758,9.572042737052032,8.058540258267032,6.130037367297291,15.13377687871412,5.009163899811335,13.21810369307758,7.613766496476008,9.855155812652656,4.208411945420392
3.3740569920035925,6.247333861753522,10.666652331075317,11.153271378164963,1.9695766076146188,-0.11601344361652141,9.027536269941614,10.940725711997588,5.4543277849782505,2.6118055453815523
-0.8067099078028699,-2.844498610948768,-0.53896371331061,-1.815951693909882,3.5196276653205376,-1.3131316011811476,-2.601074691679917,2.6735911692773855,-0.9507412226711476,-4.137759727476628
-2.3920699543903248,-2.5574759764166606,-0.9086262242344101,-0.6502934298314194,-1.7381495909141842,-3.054885337099152,2.283244499871396,-1.6294869573385515,-1.3189709006037456,5.698535270166998
0.03286513804024305,-6.187776479074902,-3.2315551195053844,-7.017489333972695,-1.680784013404753,3.7384825948271128,0.6332689768181063,-3.502699661930852,2.5297465284877867,-3.240015380878572
-2.1618492213227363,-3.165309388041606,-6.763823852583528,-6.895331410416308,-3.7036815403482755,2.872325581113749,-3.957032107749145,-8.32805344761889,-4.162728653559615,-6.48302827018375
-2.706818899609696,0.3999190983731578,1.1777145727805465,2.0827198132772726,-9.07949178866774,-2.3298481137923024,-7.558198290919963,-5.289736670565075,-5.411404427251947,-4.202333050645262
1.5897390188105938,3.6768907370212625,-3.2042442594704523,-0.47660074776765016,4.259432628615127,-5.011461705411858,-4.788834663782765,0.057771271054463114,1.013149674873656,1.9772575364720373
-3.477283411192176,3.403475982608849,4.617398487907777,6.569941395996008,-0.5169831899621835,0.07921556838075666,4.217100168939751,5.990647528967927,0.10442171148647278,0.2780687258293195
1.71896016292866,4.383997334522049,4.809789744183524,1.1657509216789521,-1.1952146335658254,1.0586205825819872,0.07276317666583254,5.384835904299322,1.0193459055857943,-1.7690886063260987
4.354925325450603,-2.5292076704271054,6.151833852898012,3.266235573973609,1.1090338048667538,-1.778954646102273,3.3473358419197,3.774192590637389,3.8349168142389525,6.215294497211794
5.999911229467174,2.9330762178709353,3.5229071446707283,4.909887006986689,14.78812037987797,11.041796042952825,8.370964481551397,-0.11348466632729048,4.952867830209822,1.0066316679036245
3.9544900191220655,9.114430651324218,2.6343837314221332,6.61079610308879,4.437723519248909,6.233320005464719,8.146245082568504,5.644210413538313,7.704111802405488,10.091926479861822
1.6155959256566907,-2.2177543761563316,-3.7165489115436867,-5.451652608645736,-3.8691702559654995,0.8789737842450085,0.5264711488257655,1.2778232415141244,-0.6931680972256382,-4.495484375746112
0.6189054989535125,-8.258406646735146,-6.951252475044631,-10.752975567684876,-7.13998570870474,-8.977992464810864,-8.138576605998638,-7.150288141731401,-7.781109136768595,-5.441443133582576
-2.937267372581336,-3.874556616205597,3.062627477559093,2.1289160459581233,-5.10196337302244,-5.1911869392049566,0.3235408914627057,-1.716722091991035,-2.8438736537526563,-4.602082370149226
-8.878868760271661,-1.2326766820230048,-4.162627556890749,-0.38870582193170355,-3.460310302159071,-1.2827855229295528,-11.787253545352627,-9.524811414700975,-5.669512971019396,-9.537356271286859
0.5355592047831474,9.829397906677467,3.7525980419778038,8.626505915028279,1.5277008862337698,3.1951204219509246,-1.0998620835468,12.650094495975821,4.061754710228695,11.358742866087692
-1.7099987501785159,-0.9383766516514622,5.6104997340845495,-3.0059005881064196,3.974259296258716,2.022097973891379,3.7235171201131383,-0.6897055644764766,6.1644000595913235,-4.613984503812961
5.624087297072525,2.1383475084034274,6.6972175289691664,4.80579509097167,2.511273816104359,2.828996234143463,6.267564182389018,1.3162286893381667,2.0146189950730564,9.03576912512354
5.365710362180817,4.699023580506961,-0.13303980896466694,2.101180100065393,2.200436457829344,3.7070837989727314,7.429296915825954,2.7439822507474987,1.211628966138155,-0.09742716237534604
5.383562317645567,3.5823705928417016,-2.9416645149127527,-0.0590603258579786,4.904321806222882,0.7309204252712276,3.1980431411441566,-2.2359405324584327,-0.7794338936064396,0.7032224936387524
-0.4403720373589364,-1.440020271665436,-1.8329228768039783,1.3286623982083983,0.8626927650585383,1.935290732648267,1.6232714858378032,9.004469252856358,3.2075433042205144,-1.4127804240105482
4.849283839635073,-1.976495927364261,1.934419701757055,-0.7543531846003999,-2.8074587073910253,-0.9461361808860405,-3.439282005529104,0.22970781972590038,0.07364411063670223,-0.7156449683165894
2.34280253316652,-4.335766138640657,3.8699575195772784,1.619772776036624,-3.5315930833735307,-1.5356823953380887,-4.878937199195474,-2.5500799388984356,0.36549073901315005,2.789445285509384
-11.817213299334528,-2.4726056045806444,-3.228098859051485,-5.923316163698404,1.2263697922561196,-3.9105992326323618,-2.3092094617517978,-5.193476741809403,-1.9431745489498435,-9.380795767379311
-2.8968424129095944,5.5994960045492865,4.447460963095591,3.9949933733936023,-0.5710505713761791,4.6703281846486,-2.080093305392904,-1.3727051922668942,-0.9368977725784542,-1.0372954097088534
0.20518774396017703,0.37337710699114246,0.6536855602838867,2.2383726834972077,-2.4772177829140976,-3.1229881702171935,5.189901610454424,2.6077191398390305,-3.6978769915650984,2.455824102931543
3.1014925585839075,2.1518072725389232,-0.9128627803685233,-0.28557607609546865,-6.140540468317222,-5.871874186224863,-0.12287069073868584,-4.870322496615292,0.244582306830178,3.633237206632312
4.5651115331216054,4.480902464397173,-0.9256001448108823,0.9636769274199688,6.125273883458949,8.370184930703918,-0.18660003603207787,7.36412885662093,6.765745501990498,1.1685308097425384
-3.816512770385423,-1.2235664875336543,0.019455166839924543,-0.0740163461591895,2.9668586013985356,-0.6102322478697724,2.55289063287293,3.8768859594344853,-1.4869286830531308,-0.9139960647214223
12.401413210943797,6.918413068903296,7.555465060777119,7.971538069759025,8.778183507660378,12.690836645554041,4.997155499902051,6.083801750334574,7.9189276580256625,3.247123404351162
3.337320694120149,-4.488080897040527,1.401841415248357,-1.3029638308525469,5.607564195048253,0.7070486563349819,4.529943555198135,0.4291161992186239,0.5284746555063763,-0.31853291661935046
-1.8459126349853725,-0.860041535750521,0.9477753334682419,-0.14602624738407438,-9.02575379200227,-4.530923249870214,-2.819854435109695,-3.8734178269037316,-2.2285569491146897,-3.773702341445728
-3.0853667186382556,-5.623114454452857,-2.508181693345602,-3.3668315306526964,-7.564898519796606,-7.344843519267052,-7.012641225886052,-3.9338322108763633,-1.8354439120373256,-3.054998673302819
-0.15624139618140287,5.652255927080222,1.2743611290089016,2.952166071128369,7.359513151766856,-0.7339202118435784,5.843852904072694,0.3737576569567676,-0.34875960275080736,6.954583398446525
-2.193064889809208,7.915975800122815,4.346291471112212,3.606723185779677,-1.4833363377731783,4.094277553251528,2.231793675416638,1.8910472127229352,5.575143315002835,-2.4475340110306947
-5.651599563211516,-8.700631085953475,-5.076659232956609,-5.545012661932045,-8.219951930755148,-8.719566898285185,-7.8929769704388555,-1.3585846846719365,-10.136643231980369,-2.6784779321666248
-3.0134603316732855,-2.1124295869020107,-5.578890623409864,-3.756119751769138,-4.782532351026927,1.5523213986942686,-9.206803386587252,-4.12021256368889,-5.327957681501833,-6.37609225903549
