3.00143075853092+0.00340047942012511i,-5.14358895797636e-14-1.98174111209069e-15i,1.03946936523098e-13+2.26736106440507e-15i,2.00133745444342e-13+2.07046177820098e-15i,-1.34886037523017e-13+3.02434219751326e-15i,2.02050199857118e-13+4.14021276166346e-15i,2.047663490199e-13+3.99255242177786e-15i
8.4715240258213e-06+1.003939018944e-08i,-3.74177972398127e-14-1.40459590745081e-15i,7.45512738561811e-14+1.58485406143911e-15i,1.43972479899611e-13+1.41420109147138e-15i,-9.71095753938092e-14+2.22101732554486e-15i,1.45205645196418e-13+3.04848967775463e-15i,1.4682808130354e-13+2.80432742648161e-15i
-1.51858714246539e-06-5.04006425518103e-09i,3.95040793127082e-14+1.45635464417285e-15i,-7.85496751987824e-14-1.6209744685852e-15i,-1.51656172450434e-13-1.39958858385032e-15i,1.02339423053204e-13-2.39927399450068e-15i,-1.52806190364237e-13-3.11592127273562e-15i,-1.54543692611187e-13-2.86300308667676e-15i
1.03341827056135e-05+1.48687030039736e-08i,-5.49274136465375e-14-2.02740650741951e-15i,1.09405376890927e-13+2.25867801138817e-15i,2.11265924786734e-13+1.94668182927482e-15i,-1.42517304399773e-13+3.34555227106542e-15i,2.1302183307519e-13+4.34270728273874e-15i,2.15416328248174e-13+3.98454836299555e-15i
-0.0597452047000768-6.90721448061496e-05i,1.51253218298198e-13+5.70680484361404e-15i,-3.01249813275438e-13-6.46775558278732e-15i,-5.8166991455872e-13-5.84111780272797e-15i,3.92439269547081e-13-8.88609376655363e-15i,-5.86389958831465e-13-1.24350906819675e-14i,-5.93025465354298e-13-1.14619306106626e-14i
-4.381891150186e-06-5.03997405331724e-09i,4.79575175530959e-14+1.74852375482924e-15i,-9.52101672608512e-14-1.93046694661346e-15i,-1.83937805299397e-13-1.63023081166098e-15i,1.24126960548006e-13-2.95447951977941e-15i,-1.85249441170987e-13-3.71020862289738e-15i,-1.87378462983665e-13-3.40523375210798e-15i
-1.04894465881425e-06+3.22844837270518e-09i,6.32980384716624e-14+2.46583470582412e-15i,-1.2564705173697e-13-2.86632091095965e-15i,-2.42698271930692e-13-2.76671667223809e-15i,1.6381422568542e-13-3.48322409973736e-15i,-2.44379528690299e-13-5.5168665906932e-15i,-2.47197346479217e-13-5.12272447590518e-15i
-0.189937284070689-0.000246030365052781i,3.28438234920676e-13+1.21236517186721e-14i,-6.5302524490859e-13-1.35165609040844e-14i,-1.26085705622448e-12-1.17102017562462e-14i,8.50840906013152e-13-1.98978956183068e-14i,-1.27035830833619e-12-2.59710237938614e-14i,-1.28484940988612e-12-2.38829650069336e-14i
-7.58242831154939e-06-1.69687429114179e-08i,1.13462585381618e-13+4.2167352230348e-15i,-2.25561107657342e-13-4.7262689894955e-15i,-4.35485601100883e-13-4.15700532616277e-15i,2.93882521893281e-13-6.79652818629268e-15i,-4.38758893607705e-13-9.08767757928587e-15i,-4.43748126819344e-13-8.36367882838827e-15i
-1.3657757298408e-06+1.69796245097244e-08i,-2.0402694385507e-15+3.26934966603583e-17i,3.93063112168359e-15-1.36446862908624e-16i,7.64038656325627e-15-3.467083436568e-16i,-5.1592762530548e-15+4.00952922391368e-16i,7.62410051016872e-15-2.69102017478841e-16i,7.72830947239575e-15-2.83199990318177e-16i
0.163068842511605+0.000200768458898756i,-2.69199593656911e-13-1.01917775438433e-14i,5.35361202583515e-13+1.15882686254426e-14i,1.03368795382705e-12+1.05758525668599e-14i,-6.97541818296957e-13+1.56558735244047e-14i,1.04155083152383e-12+2.22788666215944e-14i,1.05341944811211e-12+2.05753022732353e-14i
0.0719594970476826+1.16091428006976e-05i,-2.50697550572257e-13-9.5413674520182e-15i,4.98529500009886e-13+1.0895479308657e-14i,9.62558379324783e-13+1.00496693905641e-14i,-6.4955722471884e-13+1.44428020279577e-14i,9.6986751503169e-13+2.09563251835152e-14i,9.80904825490342e-13+1.93670406164461e-14i
0.111103737033346+0.000159932405432613i,-1.60114867827979e-13-6.07524055848437e-15i,3.18885824558412e-13+6.91466930059959e-15i,6.15646809964632e-13+6.3164967843136e-15i,-4.1536868119678e-13+9.31487654028926e-15i,6.20646089424098e-13+1.32930163675987e-14i,6.27662200979443e-13+1.22682801513158e-14i
-1.40864730321858e-05-7.8907792017396e-09i,-1.42196998211932e-14-5.21982462034323e-16i,2.78636640696194e-14+5.81525178694047e-16i,5.38278668524871e-14+5.15848948778212e-16i,-3.64052463770211e-14+8.36281930093633e-16i,5.3921350214213e-14+1.11652451510076e-15i,5.45989138866713e-14+1.03851241880006e-15i
-0.0285894844517941-3.9388307176114e-05i,7.87981940929038e-14+3.07966214804842e-15i,-1.57241954241652e-13-3.58052386223418e-15i,-3.03552325949026e-13-3.4394154995981e-15i,2.04755527859009e-13-4.37540663252036e-15i,-3.0623721948199e-13-6.89004780496457e-15i,-3.09652811612038e-13-6.37857248600139e-15i
0.0445833169027937+0.000107112075416771i,-1.69556558997856e-13-6.16610005795632e-15i,3.37359997361489e-13+6.78826881033495e-15i,6.51312818648354e-13+5.6724754416464e-15i,-4.39464965244491e-13+1.05336593005086e-14i,6.56414012874915e-13+1.30423073270713e-14i,6.6384972952247e-13+1.19496595246297e-14i
2.57829459266255e-06+7.29083784906606e-09i,7.74954582423095e-15+3.72617152317722e-16i,-1.53362299975475e-14-4.95912605420041e-16i,-2.95828966794103e-14-6.19878256159557e-16i,1.99909969925386e-14-2.34095392082701e-16i,-2.97438822943351e-14-9.58341255613121e-16i,-3.00906117499704e-14-9.14761317304414e-16i
2.69804070503699e-06-1.26330680680314e-08i,1.1756000793154e-14+1.72360284549495e-16i,-2.33549133446138e-14+4.4230614515386e-17i,-4.50760999566729e-14+5.9662292908044e-16i,3.04009300652081e-14-1.39533661724032e-15i,-4.54126516255006e-14+9.95702590304198e-17i,-4.59321063567132e-14+1.84847930363303e-16i
1.28728933655162e-05+7.60295328695841e-09i,-2.73864473179349e-14-1.01793102123968e-15i,5.47777490989207e-14+1.14049154115653e-15i,1.05816205955736e-13+9.87681417107104e-16i,-7.13282609972953e-14+1.6685769007705e-15i,1.06873749411971e-13+2.19402994898897e-15i,1.08045500037709e-13+2.00790878194214e-15i
-2.11158938896505e-06-3.36515138033828e-09i,3.60109154716404e-14+1.43930454579993e-15i,-7.15184246205034e-14-1.70412001495809e-15i,-1.38060723542306e-13-1.71557993124782e-15i,9.31942733005816e-14-1.88631761292664e-15i,-1.39042950824724e-13-3.28205210841752e-15i,-1.40629876872677e-13-3.05871485416806e-15i
-1.01790754101003e-05-1.47194503324084e-08i,8.22805878190841e-14+3.11128003930743e-15i,-1.63594501471196e-13-3.53418364983952e-15i,-3.15898800059005e-13-3.2186125072046e-15i,2.13168488184261e-13-4.79334866344966e-15i,-3.18303274136191e-13-6.79870545119193e-15i,-3.21918961605655e-13-6.2743543905338e-15i
-3.28620597566304e-06-2.08832768145028e-08i,-4.2472502999124e-14-1.6150626115879e-15i,8.42916395522435e-14+1.84610939796111e-15i,1.6274335315793e-13+1.70903545784859e-15i,-1.09853225187981e-13+2.43452780844318e-15i,1.63867732429916e-13+3.55185463509532e-15i,1.65748420694013e-13+3.28664156294186e-15i
-0.015107831151996-1.23082652416576e-05i,1.95780683619791e-13+7.41447437654306e-15i,-3.89550231315298e-13-8.43231201167617e-15i,-7.52101921596844e-13-7.6930288133892e-15i,5.07498441842687e-13-1.13935566824634e-14i,-7.57974993062852e-13-1.62196134507594e-14i,-7.66564316080203e-13-1.49675913227558e-14i
7.05959142546708e-06+1.930418594623e-09i,-1.05885588843998e-13-4.00388045983539e-15i,2.10478437858436e-13+4.55209110526969e-15i,4.0640888769856e-13+4.1508470757488e-15i,-2.74265283130282e-13+6.15991936731769e-15i,4.09445150335034e-13+8.75691239483794e-15i,4.14109046230877e-13+8.08434678784495e-15i
-1.91911714562825e-06+1.73419720082467e-08i,1.24271919808061e-14+4.06547707221528e-16i,-2.46533381866464e-14-4.14125268013306e-16i,-4.76438862712786e-14-2.54388426181605e-16i,3.21433086742943e-14-8.79116812637261e-16i,-4.79869408910425e-14-7.95750690610258e-16i,-4.85370871652967e-14-7.14164308199201e-16i
-5.23211754494554e-07+5.15115693089829e-09i,8.60402413429728e-15+2.80360250867059e-16i,-1.70100551037642e-14-2.81230018734601e-16i,-3.28482034168306e-14-1.69639185977516e-16i,2.21820507952943e-14-6.09243645190884e-16i,-3.30273977917444e-14-5.39125350384524e-16i,-3.34155457720952e-14-4.8512066541191e-16i
-8.37958604739572e-06-1.66462897715819e-08i,8.61953987635003e-14+3.24088696820924e-15i,-1.71470777193951e-13-3.66506762127788e-15i,-3.31029729292836e-13-3.29770464933488e-15i,2.23376218544974e-13-5.07412686773815e-15i,-3.33598901931509e-13-7.04940545685455e-15i,-3.37375136412139e-13-6.49756534237391e-15i
-3.34610962016515e-06+8.53336218523944e-09i,1.43955768403113e-14+5.27192520929632e-16i,-2.87527188609237e-14-5.86441703491103e-16i,-5.54932345853662e-14-4.95846056349569e-16i,3.74297995926447e-14-8.8992070313031e-16i,-5.59948041713576e-14-1.12798902590209e-15i,-5.66176365825856e-14-1.03179340122951e-15i
2.7030189854436e-06-9.04538073462989e-09i,-5.64385352183703e-14-2.15600009935511e-15i,1.12138516729301e-13+2.46943766918256e-15i,2.1657754593908e-13+2.29687808479821e-15i,-1.46152644273554e-13+3.22512444577012e-15i,2.18181912820227e-13+4.75153567706961e-15i,2.20671450919637e-13+4.39478935807926e-15i
1.21720904029721e-06+6.12050268332294e-09i,-3.64218092738525e-14-1.45111512383585e-15i,7.23107631216266e-14+1.71322707657865e-15i,1.39652073687474e-13+1.71541229555112e-15i,-9.42605592861619e-14+1.92121846722871e-15i,1.40637778616517e-13+3.29906342227813e-15i,1.42250476737605e-13+3.07328807660238e-15i
-4.16893778979887e-07+2.53148355604207e-10i,3.03541178085728e-14+1.09468895456537e-15i,-6.02838861233846e-14-1.19892594268041e-15i,-1.16423686347714e-13-9.87207831490764e-16i,7.85673568772303e-14-1.90047645624401e-15i,-1.17265930412274e-13-2.30404200424864e-15i,-1.18608674994317e-13-2.11019426546385e-15i
5.64495944481557e-06-2.85451763992331e-09i,-5.56872389853439e-14-2.07017882560983e-15i,1.10792756580278e-13+2.32311096664004e-15i,2.13917088967507e-13+2.04210896567913e-15i,-1.44340120072723e-13+3.3392087026493e-15i,2.15590988344026e-13+4.46757590574386e-15i,2.18031754503412e-13+4.10924173800662e-15i
2.095364683545e-06+3.62560877674508e-09i,-4.6733310578436e-14-1.74412088499109e-15i,9.28545068073228e-14+1.96059007587882e-15i,1.79299970866321e-13+1.74080755377358e-15i,-1.21004535223031e-13+2.77813710027376e-15i,1.80612806192371e-13+3.76970229654576e-15i,1.82675609792729e-13+3.47329338408793e-15i
4.23235874390645e-06-7.54776175274258e-09i,-3.09904695360686e-14-1.23656424937498e-15i,6.17567269153707e-14+1.46191939644905e-15i,1.19204142635128e-13+1.45911554108857e-15i,-8.0431296844704e-14+1.64480177780667e-15i,1.20190461041725e-13+2.81549988433956e-15i,1.2153983554895e-13+2.6172936192165e-15i
-1.15183827552582e-05-8.28889656578661e-09i,7.96811253722407e-14+3.05037688298716e-15i,-1.58491371949534e-13-3.49817752107617e-15i,-3.06033381903118e-13-3.26001991127176e-15i,2.06505412325841e-13-4.54842034933614e-15i,-3.08403911648722e-13-6.73151406444826e-15i,-3.11898889922066e-13-6.22340422988871e-15i
-3.49438404696506e-06+1.13576040975134e-09i,3.45480597285526e-14+1.40113808296602e-15i,-6.86564712370075e-14-1.67632364396835e-15i,-1.32605434548116e-13-1.72254653231566e-15i,8.94960053715973e-14-1.7616478690012e-15i,-1.33578831442917e-13-3.22988999098928e-15i,-1.35106919764509e-13-3.01455883521307e-15i
4.34012784791154e-06+1.42018010560872e-08i,-5.07093302230576e-14-1.85617228730373e-15i,1.00860854547282e-13+2.05239470869846e-15i,1.94717493523054e-13+1.74145578449031e-15i,-1.31389031645309e-13+3.1180474973212e-15i,1.96226644470905e-13+3.94433904754334e-15i,1.98447423835593e-13+3.61821156352686e-15i
-4.59820456408928e-06-9.7129313709226e-09i,6.29045305847248e-14+2.28969974998701e-15i,-1.24974547860641e-13-2.52313680554351e-15i,-2.4131987058277e-13-2.120253179632e-15i,1.62849473913911e-13-3.889335448147e-15i,-2.43101660777114e-13-4.84924693118956e-15i,-2.45871529226445e-13-4.44743455148488e-15i
9.16766469211477e-06+2.60851572399643e-08i,-1.02957699396424e-13-3.81949930821622e-15i,2.04688138357151e-13+4.27078639028246e-15i,3.95249856479415e-13+3.73734286022161e-15i,-2.66710480995356e-13+6.19224441971685e-15i,3.98249981014516e-13+8.210771209443e-15i,4.02776542119649e-13+7.55263268605308e-15i
7.36291071664751e-06+1.1160797235282e-08i,-9.36750079887688e-14-3.56947212389014e-15i,1.86205362493426e-13+4.07862378435057e-15i,3.59574421067243e-13+3.77193429131426e-15i,-2.42652734427896e-13+5.38271320685561e-15i,3.62269974483974e-13+7.84681857929597e-15i,3.66396340477889e-13+7.25274938821089e-15i
-4.09097979522475e-06-9.29667113071429e-09i,1.60506837413433e-14+6.39213954858841e-16i,-3.18630958434682e-14-7.52841814447363e-16i,-6.15807153605107e-14-7.51529953017845e-16i,4.15511436468747e-14-8.50348725620493e-16i,-6.20348225329168e-14-1.44982218199248e-15i,-6.27431723752796e-14-1.34949901870277e-15i
4.7711374012629e-06-8.47329262155076e-09i,-2.4906110916468e-14-1.0211504067547e-15i,4.95969792408456e-14+1.23131076398566e-15i,9.58017393780496e-14+1.28084140767757e-15i,-6.46353062056233e-14+1.24883883417557e-15i,9.65824700540411e-14+2.37295660155982e-15i,9.7673631155105e-14+2.21492753755387e-15i
-6.58430267879906e-08+1.70896044826158e-09i,-4.73563485852858e-14-1.75706320183258e-15i,9.40866016003513e-14+1.96717173046089e-15i,1.816744711988e-13+1.72641039774351e-15i,-1.22609908411239e-13+2.84025373442473e-15i,1.82995330386859e-13+3.7821066973207e-15i,1.85088589008384e-13+3.48161224146929e-15i
-0.0097180198844033+1.11957422833367e-06i,1.51581484825846e-13+5.96149497557154e-15i,-3.01686026313492e-13-6.97337828451528e-15i,-5.82468926416073e-13-6.80970572788652e-15i,3.93042012962832e-13-8.25016573879535e-15i,-5.87056585505275e-13-1.34249508305248e-14i,-5.93701564061549e-13-1.24623415974997e-14i
-1.69716386334619e-06+2.36346497485294e-08i,2.41724327089713e-14+1.10314617838008e-15i,-4.80587331223127e-14-1.4231248493525e-15i,-9.2793272409456e-14-1.68588568105423e-15i,6.26379679077757e-14-9.09364842128536e-16i,-9.34819845219874e-14-2.74812885562458e-15i,-9.45461037376309e-14-2.60206493107776e-15i
4.8084740479242e-06+1.39218917742189e-09i,-9.34837135735784e-14-3.59737607238757e-15i,1.85696267069663e-13+4.14219291988415e-15i,3.58610589395791e-13+3.90734014059165e-15i,-2.42022553010045e-13+5.26954658124833e-15i,3.61217307437306e-13+7.97094905716927e-15i,3.65345306480144e-13+7.3830743118401e-15i
-1.36532796039701e-06+1.67212119945637e-08i,-1.28051486125215e-14-4.23921832792554e-16i,2.53781488682492e-14+4.25058820171259e-16i,4.90010419064036e-14+2.6475707984274e-16i,-3.307460389472e-14+9.00736774066951e-16i,4.93228544655256e-14+8.13340981527662e-16i,4.98912739594232e-14+7.32052664363431e-16i
8.96314298545417e-06+7.28640398939826e-09i,-8.84316349261209e-14-3.25424833666012e-15i,1.75816364490099e-13+3.61826938581415e-15i,3.39521579311972e-13+3.11183222355725e-15i,-2.29092258332506e-13+5.38597968180541e-15i,3.42121564413196e-13+6.95588030600662e-15i,3.46005683283751e-13+6.38846453884757e-15i
-5.88515400070204e-06-1.97099077180968e-08i,8.4240809943147e-14+3.12812070160049e-15i,-1.67334234149441e-13-3.50178515977845e-15i,-3.23120027809105e-13-3.07777370371223e-15i,2.18070636571259e-13-5.0462527455523e-15i,-3.25458411850778e-13-6.73250633928867e-15i,-3.29179171994988e-13-6.19851574125791e-15i
1.32529893962e-05+9.36464157651881e-09i,-9.66479877436901e-14-3.61540003088428e-15i,1.92279075351995e-13+4.07402343034281e-15i,3.71252448906515e-13+3.62689824855834e-15i,-2.5049809628824e-13+5.73914387550732e-15i,3.74169093607855e-13+7.83587091480127e-15i,3.78398604675292e-13+7.21480530367496e-15i
-6.71522153186402e-06-1.28320280163624e-08i,7.28383897211324e-14+2.68794423055214e-15i,-1.44814257621136e-13-2.99311213867824e-15i,-2.79656644375682e-13-2.58866115166573e-15i,1.88703888043614e-13-4.41880924881887e-15i,-2.81784080345909e-13-5.75363847732932e-15i,-2.84989245261729e-13-5.28702611142474e-15i
-7.24421130186506e-06-9.70522279689768e-09i,6.50102744726618e-14+2.37409048364533e-15i,-1.29341089758371e-13-2.62460757574231e-15i,-2.49752566546787e-13-2.2157155963984e-15i,1.68508443739973e-13-4.01204981089838e-15i,-2.51720005649501e-13-5.04505866542766e-15i,-2.54568633139405e-13-4.62469039782955e-15i
8.06011091452096e-06-7.77551782535248e-11i,-3.73394955335643e-14-1.37426676005342e-15i,7.43681395424921e-14+1.5304610863206e-15i,1.43584850906656e-13+1.31324565235417e-15i,-9.68630734073615e-14+2.28066915522198e-15i,1.44778582620043e-13+2.94317014233871e-15i,1.46401745050114e-13+2.69943263221966e-15i
1.73412548734226e-06+1.54646369775129e-08i,-2.29838537892587e-14-7.85099777145754e-16i,4.57063712397711e-14+8.16417161175032e-16i,8.82462302427285e-14+5.70388521936181e-16i,-5.95416045838473e-14+1.56046112306679e-15i,8.89256899576872e-14+1.56572795717202e-15i,8.9934705300714e-14+1.4157712358853e-15i
-7.70599967879056e-06-5.56788220240335e-09i,8.64918974422186e-14+3.19897602374715e-15i,-1.71946006623075e-13-3.57386038348891e-15i,-3.32024527003922e-13-3.11121780063763e-15i,2.24045579496424e-13-5.22130036186569e-15i,-3.34544470972632e-13-6.87196561729554e-15i,-3.38346267749384e-13-6.31826081645319e-15i
6.51438456923863e-06-3.93416941079302e-09i,-6.31603178426567e-14-2.37706136117012e-15i,1.25665325049025e-13+2.69195769223209e-15i,2.42650413139875e-13+2.42615598964159e-15i,-1.63722783686883e-13+3.71370102383266e-15i,2.44560541321502e-13+5.17834864118456e-15i,2.4732797051103e-13+4.77274296249292e-15i
1.59101646694079e-06-6.63178460771836e-10i,-8.07355577710441e-15-2.89517036808e-16i,1.59902125082732e-14+3.16315180989475e-16i,3.09026228630176e-14+2.58708072798413e-16i,-2.08567677732562e-14+5.06498286832447e-16i,3.11034568744629e-14+6.08050476827463e-16i,3.14634776078525e-14+5.57268096527834e-16i
-4.64132018616777e-06-9.08642916677809e-09i,4.51500817083463e-14+1.60024877075556e-15i,-8.97322847138517e-14-1.72480110057153e-15i,-1.73291681015681e-13-1.35366529307829e-15i,1.16927254330499e-13-2.90700381851552e-15i,-1.74600539076926e-13-3.31289029575693e-15i,-1.76586998636866e-13-3.02132014338243e-15i
-5.10757700576434e-06-6.21313866766509e-09i,4.52788073133246e-14+1.72930161593564e-15i,-9.00269397768915e-14-1.97964239977078e-15i,-1.73828729449302e-13-1.8383343162407e-15i,1.17305613593933e-13-2.59230955336219e-15i,-1.75144487424954e-13-3.80900977510259e-15i,-1.77135259924736e-13-3.5213878923108e-15i
8.63717889089681e-06+1.13602746801252e-08i,-1.01350701750403e-13-3.88880219419775e-15i,2.01488110043411e-13+4.46667597750561e-15i,3.8907343250976e-13+4.18384323214543e-15i,-2.6255731482536e-13+5.75540486010606e-15i,3.92010510744837e-13+8.59470290820956e-15i,3.96469570994407e-13+7.9522809182178e-15i
2.45509892138064e-06+8.27883803104533e-10i,-3.35024015970876e-14-1.32836322823715e-15i,6.66873184277999e-14+1.56277033157339e-15i,1.28752162672657e-13+1.54621117510004e-15i,-8.68766509956052e-14+1.79614278466345e-15i,1.29779145414171e-13+3.00930575093906e-15i,1.31244108562848e-13+2.79651021700396e-15i
1.62973317288923e-06-4.89421784359541e-09i,-2.69946064708511e-14-1.03591352736588e-15i,5.35750891536716e-14+1.19081791926879e-15i,1.03457218531311e-13+1.12004191775761e-15i,-6.983436334374e-14+1.52481311970759e-15i,1.04169907239946e-13+2.29136145138371e-15i,1.05367129312826e-13+2.12300868543494e-15i
-1.1320053798217e-05-3.05154611623983e-09i,9.94807932110401e-14+3.79468739697963e-15i,-1.97879101500239e-13-4.3413528319272e-15i,-3.82117064565886e-13-4.01855521747964e-15i,2.57835865892055e-13-5.71439496311456e-15i,-3.85087040204771e-13-8.35355267936535e-15i,-3.8945324239004e-13-7.71823941561958e-15i
-4.04739445421412e-06-1.9436218118454e-08i,4.69101071573933e-14+1.6239342245798e-15i,-9.32338545757847e-14-1.71129640650791e-15i,-1.80046315050943e-13-1.2517164051204e-15i,1.21486058589885e-13-3.1242493981913e-15i,-1.81399607696961e-13-3.28360871431865e-15i,-1.83466463655324e-13-2.97949224732279e-15i
-4.47899021386259e-06-1.95384784102473e-08i,5.33615889286314e-14+2.00141719778976e-15i,-1.06062756332946e-13-2.25523927549447e-15i,-2.04799635925521e-13-2.01928684972075e-15i,1.38200735835096e-13-3.15243281582195e-15i,-2.0634355103308e-13-4.3364877683273e-15i,-2.08688246843847e-13-3.99706635812028e-15i
2.6592769207315e-06+1.09655071995605e-08i,-4.17895403690482e-14-1.54792212581848e-15i,8.30725650855744e-14+1.72897833648818e-15i,1.60398514402031e-13+1.50887225985401e-15i,-1.08237892880633e-13+2.51818502391801e-15i,1.61610675724752e-13+3.32407609464759e-15i,1.6344719271179e-13+3.05716238513444e-15i
-1.36187854488401e-05-5.30973378451961e-09i,1.02438863310421e-13+3.88017867123745e-15i,-2.03819689937668e-13-4.41562287857569e-15i,-3.93562834792369e-13-4.03050972969608e-15i,2.6555030271166e-13-5.95902671623623e-15i,-3.96661066219682e-13-8.49540814173715e-15i,-4.01148762750826e-13-7.83844190688378e-15i
6.40768123117973e-06+1.91424345937044e-08i,-6.84801160072033e-14-2.49254742830897e-15i,1.36258124002307e-13+2.74499837501462e-15i,2.63064604987174e-13+2.29753864153007e-15i,-1.77496655872203e-13+4.2501585528047e-15i,2.65136504412574e-13+5.27527698832874e-15i,2.68134213937284e-13+4.83251260662707e-15i
-6.70263521740867e-06-1.68624765297188e-09i,5.91985773604391e-14+2.15672630720521e-15i,-1.17708236576585e-13-2.38136345855486e-15i,-2.27296383536989e-13-2.00315827966577e-15i,1.53366719953248e-13-3.66004466385902e-15i,-2.29044243568767e-13-4.57768877282065e-15i,-2.31642624682554e-13-4.19630437219303e-15i
5.11377192326498e-07+1.26182999227464e-08i,-4.44086570898842e-14-1.54239502785649e-15i,8.82151639872762e-14+1.63256517922726e-15i,1.7028708125663e-13+1.21172251418513e-15i,-1.14922535218645e-13+2.93615126372988e-15i,1.71525127959215e-13+3.13331266509959e-15i,1.73480135265964e-13+2.84766599171604e-15i
2.19281555870194e-06-4.65448139309993e-09i,-4.11782744869996e-14-1.60879062630974e-15i,8.19458779688985e-14+1.87464609356409e-15i,1.58198901539673e-13+1.8118541169073e-15i,-1.06749348793055e-13+2.26632206300653e-15i,1.5944753117383e-13+3.60910096633377e-15i,1.6124854940493e-13+3.34713195515364e-15i
-1.49668588260295e-07-2.4411780406763e-09i,-1.20806949920359e-15-2.04208692693583e-16i,2.38247003569183e-15+3.69186561288192e-16i,4.62765344171135e-15+6.59456470811199e-16i,-3.13432086199387e-15-3.4273196204549e-16i,4.64800581431946e-15+7.17731745748622e-16i,4.70390712903584e-15+7.17192411297197e-16i
-1.20882659236719e-05-6.51038368444448e-09i,1.39490746713678e-13+5.19560544294938e-15i,-2.77437133743897e-13-5.83666204656626e-15i,-5.35664986737851e-13-5.15395807270347e-15i,3.6145771634534e-13-8.33367592728222e-15i,-5.39790685878717e-13-1.12243555107837e-14i,-5.45914033949718e-13-1.0330183524088e-14i
9.61902689559545e-06+8.86634604255846e-09i,-9.98519665896482e-14-3.73261099966127e-15i,1.9856797324565e-13+4.20281808444925e-15i,3.83414421861238e-13+3.73867678574323e-15i,-2.58722566128898e-13+5.93118950086696e-15i,3.86351793737324e-13+8.08262727984826e-15i,3.90738355668971e-13+7.44388750013817e-15i
8.68726269657838e-06+6.68324398407797e-09i,-9.55620151596169e-14-3.5376760511242e-15i,1.89959225196388e-13+3.95505067149437e-15i,3.6682028322927e-13+3.45037082846239e-15i,-2.47524888017769e-13+5.75956407235967e-15i,3.69597705462137e-13+7.60512495103502e-15i,3.73798964257184e-13+6.99385979023263e-15i
-0.00175043228958488-3.60041912669741e-06i,1.7014759963744e-13+6.38011458374862e-15i,-3.38467215313145e-13-7.19925217269083e-15i,-6.53471242688158e-13-6.44092603234268e-15i,4.40950123692927e-13-1.00628294756537e-14i,-6.58537340644083e-13-1.38454353405283e-14i,-6.6599951763984e-13-1.27558572685677e-14i
-1.34384226697999e-07-1.18858051584547e-08i,9.23375447856592e-15+3.13277671001292e-16i,-1.83565502378282e-14-3.23440551278071e-16i,-3.54423470915746e-14-2.20765274734261e-16i,2.39154680236837e-14-6.32266239058044e-16i,-3.57080902007955e-14-6.20137649081302e-16i,-3.6115597369157e-14-5.60019450231509e-16i
-5.56671470847837e-06-7.02925008586702e-09i,3.9033457669609e-14+1.42723943527259e-15i,-7.76661683101497e-14-1.57957929908609e-15i,-1.49967060376992e-13-1.33730491198543e-15i,1.01181142791157e-13-2.40455886089595e-15i,-1.51156417160396e-13-3.03672823046084e-15i,-1.52864367704378e-13-2.78399469927538e-15i
3.84517750310894e-06-3.06374893710878e-10i,-1.00595211659826e-14-3.6388861267202e-16i,2.0033782869681e-14+3.99016649543641e-16i,3.8695425408859e-14+3.28137354040897e-16i,-2.61022682139089e-14+6.3189424363105e-16i,3.90161041755899e-14+7.66875805939632e-16i,3.94550844669048e-14+7.00892371153691e-16i
-3.70815023927447e-06-5.4011335903923e-10i,5.80799957550797e-14+2.26859450660442e-15i,-1.15311970657446e-13-2.64236384432186e-15i,-2.22719349956769e-13-2.56167863551597e-15i,1.50318549051049e-13-3.18150937345682e-15i,-2.2430101223692e-13-5.08689041259178e-15i,-2.26872953382666e-13-4.7242500243153e-15i
7.61326055279797e-06+8.48701073535049e-09i,-4.3383270262517e-14-1.62601746672511e-15i,8.63611060193408e-14+1.83441760253518e-15i,1.66763419681482e-13+1.63672155516454e-15i,-1.12510952456576e-13+2.57309544659e-15i,1.68107249783111e-13+3.52833254223454e-15i,1.70004319827194e-13+3.24808539151499e-15i
-6.6565326660883e-07-2.28542257503965e-09i,1.96553400839486e-14+7.70393162149969e-16i,-3.90023630811783e-14-8.99565037744033e-16i,-7.53549002698947e-14-8.77497787395723e-16i,5.08568572040975e-14-1.06902751176892e-15i,-7.58814457487105e-14-1.73184007458582e-15i,-7.67549143758195e-14-1.60952711385108e-15i
-3.1961063585833e-06+5.31343162034924e-09i,7.87528886778379e-14+3.05757917772553e-15i,-1.56488490346014e-13-3.54519814022485e-15i,-3.02189015122546e-13-3.39668538654563e-15i,2.0394471405457e-13-4.37070980758347e-15i,-3.04406303783631e-13-6.82365013367878e-15i,-3.07883487390958e-13-6.32828969668897e-15i
-1.2730842148463e-05-1.48495575107104e-08i,1.6411802211577e-13+6.17929402721903e-15i,-3.26279649324023e-13-6.99793426071289e-15i,-6.3001694943281e-13-6.32182646784352e-15i,4.25149080143757e-13-9.62513425727305e-15i,-6.34771566803033e-13-1.34601463717593e-14i,-6.41993019389803e-13-1.24148689958584e-14i
0.00550365833565182+1.31305549953007e-06i,-1.6560811064098e-13-6.26918315370654e-15i,3.29565159240228e-13+7.12855754439295e-15i,6.36292939123503e-13+6.49679594486685e-15i,-4.29347214606877e-13+9.64737319749235e-15i,6.4129089868648e-13+1.37124480318494e-14i,6.48553135858152e-13+1.26512864989917e-14i
1.02536196204932e-06-6.6531827376996e-09i,-5.85439642057694e-14-2.26532840515289e-15i,1.16268925781621e-13+2.62153366255035e-15i,2.2451601356042e-13+2.5005014721961e-15i,-1.51532761926593e-13+3.26268616863827e-15i,2.26127500633942e-13+5.04577147019081e-15i,2.28713999123032e-13+4.6789872284808e-15i
-5.19104372955889e-06-8.68978352146282e-09i,7.85450016227898e-14+2.89812471000214e-15i,-1.56156477900231e-13-3.23050881321193e-15i,-3.01493690018499e-13-2.79735834982428e-15i,2.03457215831176e-13-4.75976629795764e-15i,-3.03762476990448e-13-6.21068158333667e-15i,-3.07218640336033e-13-5.70827594483085e-15i
3.82814418435367e-06+1.84707380532304e-09i,-6.48853282602626e-14-2.60650553021933e-15i,1.28939502800094e-13+3.09327444762793e-15i,2.48996922838538e-13+3.13132525988434e-15i,-1.68046826379651e-13+3.37701402906859e-15i,2.50836991963568e-13+5.9572946381119e-15i,2.53696823925764e-13+5.55266102129635e-15i
-4.94883771691567e-06-3.71790715467617e-09i,4.32679055581453e-14+1.58172695466761e-15i,-8.59792424935391e-14-1.75018099883219e-15i,-1.66016585112707e-13-1.48576090110657e-15i,1.12029951949906e-13-2.65762298676155e-15i,-1.67257566150386e-13-3.36451875943464e-15i,-1.69158655774747e-13-3.08776950784086e-15i
-2.57322976318852e-06-7.8044295789371e-09i,5.16572357476079e-14+1.85401523621042e-15i,-1.0269156234712e-13-2.01895444193691e-15i,-1.98308871462359e-13-1.63594573514247e-15i,1.33814468344763e-13-3.26806012409952e-15i,-1.99800846418152e-13-3.87831032160475e-15i,-2.02079692602971e-13-3.54567449700934e-15i
4.86306353007723e-06+2.98647676926503e-09i,-4.61227976703365e-14-1.84200597249501e-15i,9.17308633319801e-14+2.17813453178714e-15i,1.77166232167369e-13+2.18204064775551e-15i,-1.19553482367233e-13+2.4342657930218e-15i,1.78522029338178e-13+4.19460072391248e-15i,1.80553946986677e-13+3.90410270405312e-15i
8.88155608092063e-06+8.90846218911411e-09i,-7.87452635908748e-14-2.91619159275088e-15i,1.56596634548404e-13+3.26068020303709e-15i,3.02364118306748e-13+2.84437430327924e-15i,-2.04025914131932e-13+4.74766689985367e-15i,3.04692517010765e-13+6.26992749100874e-15i,3.0814640425016e-13+5.76466406041561e-15i
-3.87567699040183e-07+1.34324289415445e-08i,-6.42889984270641e-15-1.41830767484824e-16i,1.28534328404087e-14+6.97283677198188e-17i,2.47720986544943e-14-1.47356502699768e-16i,-1.67016330157734e-14+6.45545821023095e-16i,2.5010528432885e-14+1.28377275667114e-16i,2.528285827332e-14+8.17567668581194e-17i
-1.8795739180333e-06+1.48387359540785e-08i,-1.93188785773274e-14-5.63991535456657e-16i,3.83182582704911e-14+4.91389369079371e-16i,7.39815337082844e-14+1.08826927835363e-16i,-4.99264375695261e-14+1.55636127276108e-15i,7.44861526575673e-14+9.35589541673741e-16i,7.53432572935879e-14+8.08790794460654e-16i
-1.08825813980047e-05-2.73647422954452e-08i,1.32127511914951e-13+4.96170246481178e-15i,-2.6271590354052e-13-5.60359027290025e-15i,-5.07269514506711e-13-5.03115543313488e-15i,3.42305766438021e-13-7.78951349007988e-15i,-5.11133997238987e-13-1.07767063100355e-14i,-5.16939383091247e-13-9.93371895297104e-15i
6.03507538437456e-06+7.80646775324989e-10i,-9.40307620559825e-14-3.56455028008033e-15i,1.86912686898243e-13+4.0593500069601e-15i,3.60923960574473e-13+3.71862095056351e-15i,-2.4356623351896e-13+5.44858511995096e-15i,3.63624181193859e-13+7.80906983206605e-15i,3.67766904091996e-13+7.21209026599276e-15i
5.96707468641631e-06+4.0680949114358e-09i,-1.05130069062105e-13-3.90764510356323e-15i,2.08884765186842e-13+4.38207580145847e-15i,4.03335768226766e-13+3.86039370049752e-15i,-2.72195106690151e-13+6.28734218735313e-15i,4.06304795622106e-13+8.42622773332299e-15i,4.10937546681319e-13+7.75805875686816e-15i
9.48474353183286e-06-1.95023490773328e-09i,-9.8688918577433e-14-3.81280694329536e-15i,1.96238161779151e-13+4.40390666453326e-15i,3.78953525517359e-13+4.17620439210677e-15i,-2.55717263140304e-13+5.53796551322254e-15i,3.81850175016892e-13+8.47586729417018e-15i,3.86187941122296e-13+7.8496848473572e-15i
6.95573041863572e-06-5.72574835859608e-09i,-9.22943638789427e-14-3.39682595221191e-15i,1.83495330005463e-13+3.78239066562867e-15i,3.54263616979219e-13+3.25966726725116e-15i,-2.39066387392341e-13+5.61171608303488e-15i,3.56938624118921e-13+7.27234218618798e-15i,3.60994726464207e-13+6.68123694159146e-15i
6.44958430451069e-08-5.73629563710343e-09i,2.48526617207932e-15+1.06779503502182e-16i,-4.9741830160713e-15-1.28634145878072e-16i,-9.63632489507144e-15-1.38672925420474e-16i,6.49429241251881e-15-1.18664459550285e-16i,-9.72874089352501e-15-2.46905527959866e-16i,-9.84143871936929e-15-2.30829613025374e-16i
-2.94683661440473e-06-1.33752185150862e-08i,1.5288680175138e-14+5.14680769335062e-16i,-3.04750610181461e-14-5.27276093852835e-16i,-5.88136866237051e-14-3.46668449135863e-16i,3.96697928115737e-14-1.06302307156463e-15i,-5.93234599322916e-14-1.01097055326391e-15i,-5.99823262399021e-14-9.08751536954199e-16i
-0.00399693253265846-8.51290262677044e-06i,1.7837561101542e-13+6.71870162885191e-15i,-3.54806737492396e-13-7.60731527215927e-15i,-6.8504850883127e-13-6.86862557690457e-15i,4.62262232659168e-13-1.04703268995595e-14i,-6.90336473208938e-13-1.46312604677058e-14i,-6.98167099878475e-13-1.3491218473488e-14i
-2.72601750323814e-06-1.10221958517073e-08i,7.83592420779615e-15+2.87640201256507e-16i,-1.57123157138806e-14-3.18173028443279e-16i,-3.03126135048235e-14-2.66439765535898e-16i,2.04331962417948e-14-4.89308988845184e-16i,-3.063621785354e-14-6.11747544350923e-16i,-3.09656527514879e-14-5.57723830322391e-16i
-1.21821666783583e-05-1.05955478217075e-08i,1.50014489656059e-13+5.52737999297964e-15i,-2.98158927426325e-13-6.15438023472838e-15i,-5.75747016636386e-13-5.31444679297305e-15i,3.88519694099509e-13-9.10761443855718e-15i,-5.80060236803343e-13-1.18319845887155e-14i,-5.86664230137665e-13-1.08731814689886e-14i
-5.79102789882052e-07+2.13167181133828e-08i,9.69039639437302e-15+4.23739512587429e-16i,-1.93909819423644e-14-5.35827140476299e-16i,-3.74133881379989e-14-6.03447196226547e-16i,2.52416496062337e-14-4.18986105635088e-16i,-3.77589129609255e-14-1.03442563249304e-15i,-3.81793903090834e-14-9.71837267351506e-16i
-1.44792575261444e-06+1.24064390445242e-08i,4.64264441830297e-14+1.67125590923075e-15i,-9.21771848182614e-14-1.83097412190708e-15i,-1.77986891525302e-13-1.50492697309589e-15i,1.20123322427716e-13-2.90846900166753e-15i,-1.79253337869772e-13-3.51906880916847e-15i,-1.81304996033687e-13-3.22326226066549e-15i
9.31086542329785e-06+1.0306796117676e-08i,-9.03948213725372e-14-3.31162497602992e-15i,1.79700796717717e-13+3.6697326615232e-15i,3.46980784177884e-13+3.12665692333375e-15i,-2.34139426701435e-13+5.54036572342458e-15i,3.49610481909133e-13+7.05426216558054e-15i,3.53581949256656e-13+6.47458958431925e-15i
-2.70685895073459e-06+1.12701380516145e-08i,6.79556553463013e-14+2.6026381827703e-15i,-1.35059897121504e-13-2.98881073367901e-15i,-2.60815696530934e-13-2.79362951309575e-15i,1.76010905077326e-13-3.86565152886728e-15i,-2.62754822205185e-13-5.75143018779348e-15i,-2.6575226298551e-13-5.32145506220771e-15i
1.0796340445244e-06+3.09339960740024e-09i,-2.79350666816977e-14-9.97706591780058e-16i,5.55128117789378e-14+1.08207265699573e-15i,1.07178338045157e-13+8.67333245646348e-16i,-7.23277906073467e-14+1.77755641480022e-15i,1.07972129476383e-13+2.07846945687356e-15i,1.09201978222341e-13+1.89920913626357e-15i
6.64167282730063e-06-3.61163109864186e-09i,-7.16518598677365e-14-2.76140776968785e-15i,1.42488995997223e-13+3.18363106308031e-15i,2.75159833684395e-13+3.00530739452347e-15i,-1.85678554705029e-13+4.03940992090642e-15i,2.77261369748797e-13+6.12706750715649e-15i,2.80414177720987e-13+5.6719982913559e-15i
-1.15448100383842e-05-2.66369653832685e-08i,1.5222422008973e-13+5.8468991629047e-15i,-3.02573970612517e-13-6.71777967155868e-15i,-5.84279158758949e-13-6.3045718313307e-15i,3.94292716116615e-13-8.62785613501316e-15i,-5.88661515735195e-13-1.29258359046447e-14i,-5.95361889064591e-13-1.19628506358746e-14i
1.27937713711273e-05+2.08568091626545e-08i,-1.21914052527809e-13-4.5104293703929e-15i,2.4241776763599e-13+5.03714177591694e-15i,4.6806315029893e-13+4.38426061965302e-15i,-3.15845558873175e-13+7.36169848633897e-15i,4.71635370187871e-13+9.68466596739275e-15i,4.76989418767306e-13+8.9035138753268e-15i
8.78751243966643e-06+1.43081707885578e-09i,-6.77620298888972e-14-2.64257492865288e-15i,1.34757169518571e-13+3.07219599019804e-15i,2.60258795222947e-13+2.9598701795372e-15i,-1.75614402766582e-13+3.74153967849915e-15i,2.62263483906013e-13+5.91439139418656e-15i,2.65243882890691e-13+5.4842310170452e-15i
-5.96308722139792e-06-1.04070154463089e-08i,6.69332834928288e-14+2.50803804246482e-15i,-1.32986097128677e-13-2.8288743811428e-15i,-2.56851892655475e-13-2.53228973724822e-15i,1.73331050366102e-13-3.95380742635441e-15i,-2.58742599502116e-13-5.44039102682686e-15i,-2.61700094190879e-13-5.01540680787315e-15i
2.52732930737754e-06-1.74539824784677e-09i,-5.57213865348558e-14-2.07112656573215e-15i,1.10603789324077e-13+2.32444402876117e-15i,2.13600565995049e-13+2.05292459555077e-15i,-1.44166095992721e-13+3.32339142669712e-15i,2.15096618274968e-13+4.46994677708702e-15i,2.17566022254683e-13+4.11862459521051e-15i
-5.42966577749208e-06-5.65894481709027e-09i,4.18282877266292e-14+1.49771622551168e-15i,-8.32069863333865e-14-1.62785988112999e-15i,-1.60670059073215e-13-1.30905581452197e-15i,1.08402766588756e-13-2.65925260785309e-15i,-1.61931698008251e-13-3.1271947553239e-15i,-1.63764146904385e-13-2.85577486051063e-15i
-1.39262287509966e-05-1.4284502863284e-08i,1.7343373149052e-13+6.47158450520986e-15i,-3.44824235399967e-13-7.27770421204276e-15i,-6.65820687491454e-13-6.4533484544517e-15i,4.49294576494781e-13-1.03258930026168e-14i,-6.70881860161008e-13-1.39956092478942e-14i,-6.78504368974274e-13-1.28875672055145e-14i
-8.73437395690116e-06+7.85022566677473e-10i,1.16349268317329e-13+4.3420251346791e-15i,-2.3131336701116e-13-4.88585091402641e-15i,-4.4660336329958e-13-4.33667472584337e-15i,3.01383038793859e-13-6.92082585655587e-15i,-4.49968570306215e-13-9.39625053492175e-15i,-4.55085143279003e-13-8.65383195309245e-15i
-9.2597391189097e-06-2.4698362372892e-08i,1.01022809774837e-13+3.78548454572151e-15i,-2.00836288769181e-13-4.26712529238437e-15i,-3.87813176431552e-13-3.81450116929519e-15i,2.6169737039715e-13-5.97632583757201e-15i,-3.90748845833419e-13-8.20570218757854e-15i,-3.95191955417851e-13-7.5615809860046e-15i
-8.43737898981382e-06-1.60398705758502e-08i,1.07177707228779e-13+4.052068821591e-15i,-2.1297483206183e-13-4.60361017779928e-15i,-4.11266800982097e-13-4.19691351019518e-15i,2.77545014935271e-13-6.23529413574506e-15i,-4.14307030255951e-13-8.85563570283094e-15i,-4.19032075184401e-13-8.17640032830671e-15i
2.41194330643758e-06+7.7374138677171e-09i,-3.0468791275976e-14-1.26755801818958e-15i,6.04765824742985e-14+1.53994450463228e-15i,1.16786742885577e-13+1.64203950656049e-15i,-7.8836073238774e-14+1.46665260184943e-15i,1.17599202798349e-13+2.96781696174454e-15i,1.18947013922225e-13+2.78172807983948e-15i
-4.33135412729394e-06-4.07534833091251e-09i,1.71171554842723e-14+4.77380549200027e-16i,-3.40816586497445e-14-3.95253576111414e-16i,-6.58003964557037e-14-1.20750380366925e-17i,4.43776062688041e-14-1.44265741128555e-15i,-6.63481293320029e-14-7.52561284039157e-16i,-6.70925304307576e-14-6.3458708718251e-16i
3.92478990526047e-06+1.97553065759207e-08i,-4.75691743774313e-14-1.75788506925152e-15i,9.45348010609644e-14+1.95985076339613e-15i,1.82520408042358e-13+1.70289047687131e-15i,-1.23177086095389e-13+2.87474449333119e-15i,1.83869231447178e-13+3.76743815489383e-15i,1.85964112048394e-13+3.46450443685149e-15i
3.87884644962109e-06+5.17733384160284e-09i,-1.68411041413657e-14-6.88241610355116e-16i,3.35946947948319e-14+8.24334886301747e-16i,6.48332750932537e-14+8.50294919866422e-16i,-4.37439839821273e-14+8.5629649024662e-16i,6.53881663155678e-14+1.58777784735095e-15i,6.61183144933863e-14+1.4799831453994e-15i
1.16032429066137e-05+1.55449999469273e-08i,-1.2261879034925e-13-4.61359786547149e-15i,2.43756090453604e-13+5.21930151323268e-15i,4.70726309335494e-13+4.70629342227739e-15i,-3.17640950947493e-13+7.20278973300061e-15i,4.74294019414804e-13+1.00385631119394e-14i,4.79687612164293e-13+9.25724516791357e-15i
1.09777013901708e-05+9.81638311593692e-09i,-1.0629021755452e-13-3.99959679948571e-15i,2.11382046282431e-13+4.52580004785002e-15i,4.08157343162292e-13+4.07960984501514e-15i,-2.75419654849454e-13+6.24670483720312e-15i,4.11290079893432e-13+8.70470132030467e-15i,4.15958300014412e-13+8.02560718994378e-15i
5.42964802452844e-06+1.00093699095915e-08i,-5.08736194673259e-14-1.82721891766226e-15i,1.01173296788814e-13+1.98986976289996e-15i,1.95347499062183e-13+1.61331856098578e-15i,-1.31808775638699e-13+3.21828122983178e-15i,1.9685746908673e-13+3.82254170511477e-15i,1.99088275919679e-13+3.49382000902077e-15i
-3.4599381800433e-07+2.06119286338022e-10i,-2.83907904214166e-14-1.00618645134652e-15i,5.63391948432853e-14+1.08406855452043e-15i,1.08800374153175e-13+8.53831433289358e-16i,-7.34322705009305e-14+1.82185159924497e-15i,1.0955265356589e-13+2.08138749980301e-15i,1.10812770897533e-13+1.90104176051256e-15i
-3.858618975756e-06-1.05937954558272e-08i,4.28307882406132e-14+1.59418935307662e-15i,-8.51765211730781e-14-1.78561519648905e-15i,-1.64438761815012e-13-1.57222426231177e-15i,1.10964578675113e-13-2.56453734657687e-15i,-1.65697602038948e-13-3.43282172907413e-15i,-1.67576269293858e-13-3.15898600326715e-15i
2.74277686073567e-07-5.74886930211146e-10i,4.55948006249525e-14+1.78779274982203e-15i,-9.05598171305738e-14-2.0867063848142e-15i,-1.74870164028189e-13-2.03483319320673e-15i,1.18031443548883e-13-2.48218938041852e-15i,-1.76115530950089e-13-4.0168232933163e-15i,-1.78134937713146e-13-3.73241986254418e-15i
3.75105916387292e-06+2.08478636687837e-08i,-5.8287951905475e-14-2.16953259243698e-15i,1.15791279930443e-13+2.43151869235742e-15i,2.23598581438002e-13+2.14607899885904e-15i,-1.50897545670768e-13+3.48098583975093e-15i,2.25234356577352e-13+4.67475048172069e-15i,2.2780502779266e-13+4.30513290909775e-15i
-1.20474784548912e-06+1.60797170123605e-10i,2.30954970435611e-14+7.82344736860035e-16i,-4.58138675618728e-14-8.11964137289875e-16i,-8.84446343063321e-14-5.60503426987333e-16i,5.96999322911592e-14-1.57125440656218e-15i,-8.90408538156509e-14-1.55803391303916e-15i,-9.00645882704032e-14-1.41024616271491e-15i
6.70607985545276e-06+2.34638522126574e-08i,-7.87338967584004e-14-3.00124570157186e-15i,1.56613081328241e-13+3.42532404218906e-15i,3.0239154180292e-13+3.1628849252774e-15i,-2.04047548102539e-13+4.53317071682856e-15i,3.04736416933985e-13+6.58896733515305e-15i,3.08189481857886e-13+6.08710592184199e-15i
-9.85404079273048e-06-2.67377745396016e-09i,7.44676965777279e-14+2.79576239254255e-15i,-1.48139845967125e-13-3.15891705056245e-15i,-2.86053541959083e-13-2.83308729466343e-15i,1.93013308128042e-13-4.39591682059533e-15i,-2.88285657502967e-13-6.07611360095914e-15i,-2.91551857257132e-13-5.59835657006112e-15i
6.74646573451503e-06+2.92365106650811e-09i,-6.22150887711097e-14-2.36168779670851e-15i,1.23792704337322e-13+2.6921043229787e-15i,2.39016022892832e-13+2.46795576421792e-15i,-1.6127872093119e-13+3.6054050751646e-15i,2.40890006426249e-13+5.17939697753534e-15i,2.43616721729639e-13+4.78098408714261e-15i
-3.37693597966928e-06+1.5321514147767e-08i,2.52853462832946e-14+1.09173116367359e-15i,-5.02355220012939e-14-1.36168659830183e-15i,-9.70173754339384e-14-1.52051415199119e-15i,6.5487941612869e-14-1.11349404348648e-15i,-9.77157516450224e-14-2.6267814509733e-15i,-9.88339658219077e-14-2.47229259805788e-15i
-7.17269860626516e-06-2.98150087226321e-08i,7.62170837867079e-14+2.80271235148508e-15i,-1.51584632717132e-13-3.1108248433589e-15i,-2.9266076359469e-13-2.66767522457175e-15i,1.97481802277875e-13-4.65244710497843e-15i,-2.94913084287944e-13-5.97920835586817e-15i,-2.98257175144227e-13-5.48974975304465e-15i
-5.6027331371245e-06-1.82245220329427e-08i,7.25436472712758e-14+2.68411056480026e-15i,-1.44160280523807e-13-2.99640198573148e-15i,-2.78347387587023e-13-2.61134564164978e-15i,1.87842167578405e-13-4.37444912815951e-15i,-2.80411925349081e-13-5.76070748481963e-15i,-2.83605439997551e-13-5.29864541513195e-15i
1.38110009378235e-05+2.71204240093865e-08i,-1.99500598277346e-13-7.35891782328916e-15i,3.96558684241683e-13+8.19754537761326e-15i,7.65748266759943e-13+7.09203748484106e-15i,-5.16734752700552e-13+1.20970227498709e-14i,7.71497152513885e-13+1.57590247082891e-14i,7.8028237898316e-13+1.4483882959092e-14i
3.9093853702304e-06+1.38390836354403e-08i,-4.05364289065496e-14-1.38598144480923e-15i,8.06670181700939e-14+1.44555555173953e-15i,1.55693337559638e-13+1.01465329278653e-15i,-1.05051890525767e-13+2.74814938417041e-15i,1.56918146647225e-13+2.7731709057965e-15i,1.58689916066394e-13+2.50748091879246e-15i
-1.15080643879707e-06-3.90464088607018e-09i,1.17641528372385e-15-1.16908756694954e-17i,-2.30187323404391e-15+6.21023800074689e-17i,-4.4367192653013e-15+1.69326959757217e-16i,2.99883555085563e-15-2.11707508845927e-16i,-4.44327843447929e-15+1.22096472092361e-16i,-4.4978134908388e-15+1.30872997709787e-16i
-1.20467510638132e-05-1.04520734962883e-08i,1.48645126319747e-13+5.65947729743748e-15i,-2.9556736066593e-13-6.46473242477794e-15i,-5.70712754776445e-13-5.96766795057951e-15i,3.85128525330665e-13-8.5570523367699e-15i,-5.75045065596938e-13-1.24378956970051e-14i,-5.81583592214608e-13-1.14925089143677e-14i
-1.18145829955263e-05-5.1792184258299e-09i,1.02682672120476e-13+3.8630323012556e-15i,-2.04255857269918e-13-4.37423509110627e-15i,-3.94384937648084e-13-3.94219353404453e-15i,2.66120504486436e-13-6.0364366288313e-15i,-3.97441508876317e-13-8.41440688927279e-15i,-4.01947322165369e-13-7.75664465082307e-15i
-1.41037911930797e-06+3.04658857362334e-09i,2.83478747784908e-14+1.11568543297938e-15i,-5.62687685850927e-14-1.30750468636532e-15i,-1.0866588101776e-13-1.28527382985269e-15i,7.33539791134206e-14-1.52833205617758e-15i,-1.09409684103578e-13-2.51751475868034e-15i,-1.10670770470392e-13-2.34164725973247e-15i
-7.91573456753765e-06-3.49187257253562e-09i,1.00085547870203e-13+3.6321209078304e-15i,-1.98898104899929e-13-3.99627986642422e-15i,-3.84071656470502e-13-3.33449713579356e-15i,2.59174126352967e-13-6.21761510347573e-15i,-3.86936604503304e-13-7.68063205549723e-15i,-3.91343714970468e-13-7.03906103965013e-15i
-9.72208189709986e-06-4.51518277553567e-09i,1.17142325982567e-13+4.48688635579336e-15i,-2.32955459923556e-13-5.14891871973745e-15i,-4.49805368994612e-13-4.80627190231544e-15i,3.03536921790944e-13-6.67505002190702e-15i,-4.53236354197987e-13-9.90758241772278e-15i,-4.5838635916994e-13-9.16291184989702e-15i
-1.25003144027808e-05-1.63224495522678e-08i,1.54215080175472e-13+5.81495491770396e-15i,-3.06602175168877e-13-6.58973891355701e-15i,-5.92030858247135e-13-5.96782310593901e-15i,3.99511446909015e-13-9.0262547514747e-15i,-5.96509020880888e-13-1.26746233897025e-14i,-6.03293864345085e-13-1.16925929847177e-14i
5.22200062152365e-06+1.42868879348088e-08i,-4.52627706124429e-14-1.56573843447328e-15i,9.00505294876449e-14+1.65041943565352e-15i,1.73851884923974e-13+1.20300807512729e-15i,-1.17294616976658e-13+3.02138002279713e-15i,1.75225360552522e-13+3.16757912566833e-15i,1.77204032824103e-13+2.87155595121938e-15i
-2.59684880080945e-06-8.40314157179431e-09i,4.58350733890536e-14+1.74873161056606e-15i,-9.10711265924519e-14-1.99921246835566e-15i,-1.75847647757586e-13-1.85464781362153e-15i,1.18675232386527e-13-2.62537838412639e-15i,-1.77143494648074e-13-3.84622877633043e-15i,-1.79162083926802e-13-3.55684133771322e-15i
-1.38592145266796e-06-1.33466150264845e-09i,-2.05656081585993e-14-7.20210667555371e-16i,4.08184521152342e-14+7.69860711450387e-16i,7.88070554358498e-14+5.8833738825785e-16i,-5.31954236661349e-14+1.34011806342538e-15i,7.93427245555879e-14+1.47797349030218e-15i,8.02578179127114e-14+1.34710440458714e-15i
1.62953815398904e-06-3.60320085389838e-09i,-3.01059592577164e-14-1.2684447209602e-15i,5.98680709847382e-14+1.55567148102311e-15i,1.15596516592308e-13+1.682968913626e-15i,-7.80200568616819e-14+1.41362144601074e-15i,1.16464894067674e-13+2.99898730102128e-15i,1.17790769978538e-13+2.81274957498338e-15i
6.67993439021312e-06+6.75570734651105e-10i,-6.09194217086898e-14-2.29741055506227e-15i,1.21190275565921e-13+2.60617788108941e-15i,2.33985963470204e-13+2.35985008892251e-15i,-1.57883778799552e-13+3.56734716238744e-15i,2.35815916133005e-13+5.01360351514951e-15i,2.38482889645499e-13+4.62325261623121e-15i
2.43727638303101e-06+7.52130136662838e-09i,-2.15006143987961e-14-8.52894157791373e-16i,4.27487030831553e-14+1.0038806086029e-15i,8.2549765250217e-14+9.95774753995793e-16i,-5.57048142576517e-14+1.14838112629557e-15i,8.31838136825757e-14+1.93326204175375e-15i,8.41259839576919e-14+1.7978006797448e-15i
-2.46446021685082e-06+5.85016681060977e-10i,5.38088911517812e-14+2.04481858729445e-15i,-1.06949514920432e-13-2.33481258689066e-15i,-2.06525565880961e-13-2.15053142859387e-15i,1.39372248053469e-13-3.10261221537469e-15i,-2.08066916344439e-13-4.49203281718681e-15i,-2.10437278120627e-13-4.1510144682317e-15i
5.8526102069669e-06+1.75673676430549e-08i,-2.85559187045099e-14-1.05683781278135e-15i,5.69372941872117e-14+1.1770017132982e-15i,1.09938339092924e-13+1.0161104579664e-15i,-7.41558444266626e-14+1.73892180281636e-15i,1.10886398347548e-13+2.26248437859053e-15i,1.12127782024927e-13+2.07500111087883e-15i
-2.88866137363822e-07+1.66261614465531e-08i,-3.35712808307779e-14-1.09919608207047e-15i,6.67460630377531e-14+1.09661109968433e-15i,1.28869497602534e-13+6.49117823630562e-16i,-8.69481529491497e-14+2.40259937619725e-15i,1.29854510209274e-13+2.09995299909178e-15i,1.31330744110014e-13+1.87950313425192e-15i
-1.39937441863204e-06-8.34552689023551e-09i,6.68762656292452e-14+2.41855599966199e-15i,-1.32819827475279e-13-2.65204120998629e-15i,-2.56486277124102e-13-2.19651142694976e-15i,1.73093501646626e-13-4.17189360900628e-15i,-2.5833585971087e-13-5.09570739978603e-15i,-2.61292718729504e-13-4.66943365986599e-15i
-3.64174997452644e-06-6.36521571099626e-09i,9.4040615077465e-14+3.52108432839969e-15i,-1.8691067284489e-13-3.97166722433892e-15i,-3.60871606956474e-13-3.55114658435792e-15i,2.43535922973284e-13-5.5603179039786e-15i,-3.63561151522936e-13-7.6384178258977e-15i,-3.67699306359706e-13-7.04047686000235e-15i
-4.47190696935867e-06+7.60580077052386e-09i,1.51175161038378e-13+5.68741175885457e-15i,-3.00786427562337e-13-6.43811514152271e-15i,-5.8070735196932e-13-5.79920168747423e-15i,3.9184702940687e-13-8.89216926616962e-15i,-5.85256966322058e-13-1.23796002811141e-14i,-5.91867139719964e-13-1.1414298956165e-14i
-5.09911013155579e-06-8.39325848144135e-09i,5.96103414130491e-14+2.11955730582036e-15i,-1.18476467229991e-13-2.29026449511992e-15i,-2.28793666605802e-13-1.81245475687914e-15i,1.54379710607725e-13-3.82098961451731e-15i,-2.30519619270845e-13-4.39894902848018e-15i,-2.33142803281834e-13-4.01444196485308e-15i
-4.06135556590844e-06-4.31359753280277e-09i,5.43511826757063e-14+2.03294534863563e-15i,-1.08012093725855e-13-2.29108024799247e-15i,-2.08609638423561e-13-2.04322928629487e-15i,1.40765929783941e-13-3.22064285406884e-15i,-2.10176512097289e-13-4.40648110563031e-15i,-2.12570399453101e-13-4.06019598074491e-15i
-6.04249642526724e-07+5.54500609653924e-09i,4.48122166296147e-14+1.62376102449253e-15i,-8.90019316480591e-14-1.78497152183309e-15i,-1.71865130511254e-13-1.48660298338368e-15i,1.15984718935857e-13-2.78575013034844e-15i,-1.73110319167539e-13-3.43040684815057e-15i,-1.75089337823094e-13-3.14473907505915e-15i
-6.02176322100513e-06-2.3785566756389e-09i,6.78488335303064e-14+2.47970175813982e-15i,-1.34923341107998e-13-2.74426800469555e-15i,-2.60513873309372e-13-2.32493159894421e-15i,1.75786577267548e-13-4.17534991113167e-15i,-2.62512911879433e-13-5.27528461967133e-15i,-2.65492255729917e-13-4.83875763990325e-15i
0.024437256946699+2.83880707531957e-05i,-1.73179988988635e-13-6.42891341947964e-15i,3.44622090486682e-13+7.1979198694398e-15i,6.65351476745281e-13+6.30051936335551e-15i,-4.48940651798095e-13+1.04201309737192e-14i,6.70586760603279e-13+1.3838079105403e-14i,6.78179307223208e-13+1.27245340183364e-14i
-7.04867099954507e-06-1.80027139492343e-08i,6.57910056962127e-14+2.43957705053564e-15i,-1.30824960021529e-13-2.72620490309845e-15i,-2.52637494535606e-13-2.38131682506493e-15i,1.70465166656753e-13-3.96319594610169e-15i,-2.54585143590351e-13-5.24124863086531e-15i,-2.57473735676919e-13-4.819439530164e-15i
-4.22230074894691e-06-1.1529702395108e-09i,6.15511793875923e-14+2.38328930868554e-15i,-1.22445707795857e-13-2.75717515608132e-15i,-2.36390460277659e-13-2.62405172774552e-15i,1.59523817610502e-13-3.44210652449575e-15i,-2.38211285920796e-13-5.30654689223003e-15i,-2.40912948374323e-13-4.91563344577772e-15i
-3.88552505359757e-06-2.75013828846847e-09i,5.84476102586094e-14+2.32430025465575e-15i,-1.16177099413356e-13-2.74050562537163e-15i,-2.2433346383826e-13-2.73098029232417e-15i,1.5140467105299e-13-3.1035585129163e-15i,-2.25992899750219e-13-5.27712253790089e-15i,-2.28571752241478e-13-4.91111577004949e-15i
-7.54484273625296e-09-4.42081274898255e-09i,3.12854952410876e-14+1.13335191395825e-15i,-6.21384405545972e-14-1.24464035185145e-15i,-1.19973157643349e-13-1.0356226427978e-15i,8.09746181720167e-14-1.94589580727041e-15i,-1.20825207806919e-13-2.39138358029115e-15i,-1.2221075698151e-13-2.19254900023944e-15i
2.58921901136428e-06+4.84019280019154e-09i,-4.90118639779367e-14-1.70805981669913e-15i,9.74056949993998e-14+1.81403446510283e-15i,1.88084411198938e-13+1.35766589648684e-15i,-1.26914038150366e-13+3.23030217413634e-15i,1.8949337320151e-13+3.4823147893761e-15i,1.9165151983915e-13+3.1652102524072e-15i
-5.68787486715654e-08-8.86611209975686e-09i,1.62271305860609e-14+5.9234727683804e-16i,-3.22197519072893e-14-6.53040513645243e-16i,-6.22278922594945e-14-5.52130360006096e-16i,4.19965528365778e-14-9.99011060802739e-16i,-6.26693066301839e-14-1.25472752715177e-15i,-6.33894878437348e-14-1.15185640466786e-15i
2.12247796666868e-06-4.52398557128391e-09i,2.25058297602779e-15+7.56667583050334e-19i,-4.43926941427477e-15+7.40545848990804e-17i,-8.55548545269731e-15+2.38830568385667e-16i,5.77667050250853e-15-3.49195051979666e-16i,-8.59345775346697e-15+1.47314095440995e-16i,-8.69630045475748e-15+1.63740876303077e-16i
3.79737167580351e-06-1.58265623129769e-08i,-9.27135649461988e-14-3.61100709322437e-15i,1.84227775033778e-13+4.19987100945515e-15i,3.55736184703249e-13+4.04859639543089e-15i,-2.40088300486925e-13+5.11177041463118e-15i,3.58342360953807e-13+8.08494619111595e-15i,3.62433904640413e-13+7.50229394353308e-15i
-8.16226893053493e-06+8.52837190780513e-09i,1.37353415069812e-13+5.19589962398287e-15i,-2.73045903530174e-13-5.90932258533695e-15i,-5.27221049015213e-13-5.39219679425344e-15i,3.55788965929399e-13-7.98622137837906e-15i,-5.31177894193852e-13-1.13682085717834e-14i,-5.37225099849962e-13-1.04951850573841e-14i
1.93591780625864e-06+7.7478084664811e-09i,-4.34005487734696e-15-1.97175255861098e-16i,8.63167075175644e-15+2.51466977326848e-16i,1.66676394382543e-14+2.95534053391364e-16i,-1.12545949995471e-14+1.67991318141973e-16i,1.67841106254736e-14+4.84922336153617e-16i,1.69776528248924e-14+4.58855836040621e-16i
3.63317134855263e-06+2.79599529699239e-09i,-2.64829366354503e-14-1.13315207068575e-15i,5.27592664367939e-14+1.39968528834121e-15i,1.01878561166705e-13+1.53769444710461e-15i,-6.87400256560864e-14+1.20945348222733e-15i,1.02719312586129e-13+2.69850480968975e-15i,1.03875025676488e-13+2.53252431549338e-15i
