-1.99282799614773-0.000506732302972367i,-6.41577169014828e-12-1.63138793682034e-15i,-6.41577169014947e-12-1.63138793682064e-15i,-6.41577169014403e-12-1.63138793681934e-15i,-6.41577169015514e-12-1.63138793682176e-15i,-6.41577169015632e-12-1.63138793682318e-15i,-6.41577169015089e-12-1.63138793682217e-15i
-9.50448208074231e-07-2.41662280022471e-10i,-1.76951857083925e-15-4.49902199888329e-19i,-1.7695185707006e-15-4.49902200267174e-19i,-1.769518570315e-15-4.49902199846569e-19i,-1.76951857105541e-15-4.49902200500353e-19i,-1.76951857086779e-15-4.49902200615619e-19i,-1.76951857046723e-15-4.49902200401983e-19i
1.38340145611752e-07+3.51824195128559e-11i,2.63803677054397e-16+6.7096973736778e-20i,2.63803676773279e-16+6.70969745057232e-20i,2.63803675990319e-16+6.70969736521358e-20i,2.63803677493437e-16+6.709697497956e-20i,2.63803677112321e-16+6.70969752131164e-20i,2.63803676299599e-16+6.70969747799064e-20i
-0.00241665439883683-6.14502069820555e-07i,9.95720376905793e-14+2.53189561347536e-17i,9.95720376907879e-14+2.53189561341663e-17i,9.95720376913874e-14+2.5318956134818e-17i,9.95720376902389e-14+2.53189561338064e-17i,9.9572037690525e-14+2.53189561336253e-17i,9.95720376911471e-14+2.53189561339556e-17i
0.0567212994381559+1.44229746944011e-05i,7.83338341758776e-14+1.9915580196314e-17i,7.83338341752978e-14+1.99155801982885e-17i,7.83338341732705e-14+1.99155801961096e-17i,7.83338341771369e-14+1.99155801994812e-17i,7.83338341763503e-14+1.99155802000928e-17i,7.8333834174323e-14+1.99155801989866e-17i
4.97628694831604e-07+1.26539800551095e-10i,9.1884929165198e-16+2.33653703974849e-19i,9.18849291361617e-16+2.3365370476808e-19i,9.18849290554491e-16+2.33653703887621e-19i,9.18849292104944e-16+2.33653705257043e-19i,9.18849291711365e-16+2.33653705497934e-19i,9.18849290873172e-16+2.33653705051118e-19i
1.0128109405285e-07+2.57751773354421e-11i,1.83340749016275e-16+4.66830332873293e-20i,1.83340748539939e-16+4.66830345894797e-20i,1.83340747214539e-16+4.66830331441016e-20i,1.83340749759882e-16+4.66830353921606e-20i,1.83340749113997e-16+4.66830357875358e-20i,1.83340747737977e-16+4.66830350541178e-20i
0.142050280494546+3.6120289787822e-05i,3.602319585507e-13+9.1628654590006e-17i,3.6023195854846e-13+9.16286545958953e-17i,3.60231958542291e-13+9.16286545893066e-17i,3.60231958553907e-13+9.16286545994317e-17i,3.6023195855146e-13+9.16286546012085e-17i,3.60231958545292e-13+9.16286545978808e-17i
7.77380908509236e-07+1.97686218271924e-10i,1.45654592750326e-15+3.70416090157902e-19i,1.4565459267134e-15+3.70416092318056e-19i,1.45654592451414e-15+3.70416089920184e-19i,1.45654592873667e-15+3.7041609364924e-19i,1.4565459276658e-15+3.70416094305323e-19i,1.4565459253828e-15+3.70416093088402e-19i
1.1890163565162e-07+3.02324747622831e-11i,2.26548335477928e-16+5.76033190997922e-20i,2.26548335505966e-16+5.76033190236174e-20i,2.26548335583237e-16+5.76033191080996e-20i,2.26548335434354e-16+5.76033189765011e-20i,2.26548335472409e-16+5.76033189534468e-20i,2.26548335552782e-16+5.76033189962701e-20i
-0.124307338403613-3.160863658475e-05i,-3.00719859077874e-13-7.64825701088386e-17i,-3.00719859076614e-13-7.6482570113432e-17i,-3.00719859071632e-13-7.64825701082305e-17i,-3.00719859080092e-13-7.64825701161389e-17i,-3.00719859078418e-13-7.64825701175694e-17i,-3.00719859073023e-13-7.64825701149625e-17i
-0.0641522097464864-1.63124885834414e-05i,-1.09263398489254e-13-2.77770268040151e-17i,-1.0926339848762e-13-2.77770268081728e-17i,-1.09263398483505e-13-2.77770268035755e-17i,-1.09263398491487e-13-2.77770268107129e-17i,-1.09263398489543e-13-2.77770268120393e-17i,-1.09263398485117e-13-2.77770268096632e-17i
-0.0901565285458362-2.29248365605971e-05i,-1.87174499367912e-13-4.76094019133411e-17i,-1.8717449936724e-13-4.7609401915597e-17i,-1.8717449936481e-13-4.76094019131245e-17i,-1.87174499369102e-13-4.76094019168937e-17i,-1.8717449936812e-13-4.76094019176165e-17i,-1.87174499365794e-13-4.76094019163484e-17i
0.0148020358638564+3.76383346877918e-06i,-6.02044138384442e-14-1.5307279238758e-17i,-6.02044138379484e-14-1.53072792400647e-17i,-6.02044138366512e-14-1.53072792386153e-17i,-6.02044138392315e-14-1.53072792408839e-17i,-6.02044138384772e-14-1.53072792412652e-17i,-6.02044138371025e-14-1.53072792405354e-17i
0.0363848593695713+9.25187132103222e-06i,4.28164112802192e-15+1.09058411702454e-18i,4.28164112786854e-15+1.09058411745826e-18i,4.28164112745666e-15+1.09058411694554e-18i,4.28164112818215e-15+1.0905841176867e-18i,4.28164112808047e-15+1.09058411785504e-18i,4.28164112751349e-15+1.09058411758514e-18i
-0.0464382275977281-1.18082194792984e-05i,-4.60900595841416e-14-1.17197825320408e-17i,-4.60900595833193e-14-1.17197825345328e-17i,-4.60900595806876e-14-1.17197825317861e-17i,-4.60900595855521e-14-1.17197825360843e-17i,-4.60900595845747e-14-1.17197825368716e-17i,-4.60900595817878e-14-1.17197825354523e-17i
-3.00274303897846e-07-7.63589924608419e-11i,-5.56170125634911e-16-1.41439418390655e-19i,-5.56170125741911e-16-1.41439418097812e-19i,-5.56170126040139e-16-1.41439418422851e-19i,-5.56170125467635e-16-1.4143941791725e-19i,-5.56170125612851e-16-1.41439417828403e-19i,-5.56170125922296e-16-1.41439417993301e-19i
-2.89152567750592e-07-7.35203699043105e-11i,-5.3581407461095e-16-1.36231479228922e-19i,-5.35814074729461e-16-1.36231478904634e-19i,-5.35814075059708e-16-1.36231479264615e-19i,-5.35814074425763e-16-1.3623147870476e-19i,-5.35814074586497e-16-1.36231478606299e-19i,-5.3581407492922e-16-1.3623147878895e-19i
-0.0101767785008235-2.58773130495103e-06i,7.87091613983927e-14+2.00135763046043e-17i,7.87091613982716e-14+2.00135763049543e-17i,7.8709161397892e-14+2.00135763045695e-17i,7.87091613985851e-14+2.00135763051729e-17i,7.87091613983865e-14+2.00135763052733e-17i,7.87091613980198e-14+2.00135763050794e-17i
1.73895940736094e-07+4.42239686466803e-11i,3.26355125405478e-16+8.30039343980037e-20i,3.26355125125792e-16+8.30039351630229e-20i,3.26355124346913e-16+8.3003934313854e-20i,3.26355125842325e-16+8.30039356345111e-20i,3.26355125463033e-16+8.30039358668024e-20i,3.26355124654556e-16+8.30039354358875e-20i
0.000835109391496692+2.12349944100678e-07i,-1.05383757310819e-13-2.67967700638075e-17i,-1.05383757311304e-13-2.67967700624838e-17i,-1.05383757312653e-13-2.67967700639542e-17i,-1.05383757310069e-13-2.6796770061668e-17i,-1.0538375731072e-13-2.67967700612656e-17i,-1.05383757312121e-13-2.67967700620126e-17i
3.80989381656915e-07+9.68649388742761e-11i,7.04023637892249e-16+1.78981618723852e-19i,7.04023638262971e-16+1.78981617709875e-19i,7.04023639295313e-16+1.78981618835388e-19i,7.04023637313224e-16+1.78981617084903e-19i,7.0402363781598e-16+1.78981616777033e-19i,7.04023638887544e-16+1.78981617348171e-19i
0.0275358556116041+7.00176117908835e-06i,-2.13488325231338e-14-5.42954988089658e-18i,-2.13488325241831e-14-5.42954987791373e-18i,-2.13488325271969e-14-5.42954988122525e-18i,-2.13488325213703e-14-5.42954987607317e-18i,-2.13488325227815e-14-5.42954987515269e-18i,-2.13488325259504e-14-5.42954987683817e-18i
-7.88431044230764e-07-2.00492522323318e-10i,-1.47130501125891e-15-3.74157717902684e-19i,-1.47130501053945e-15-3.7415771987002e-19i,-1.47130500853663e-15-3.74157717686207e-19i,-1.47130501238222e-15-3.74157721082426e-19i,-1.47130501140685e-15-3.7415772167994e-19i,-1.47130500932765e-15-3.74157720571643e-19i
1.94893094430251e-07+4.95441117519883e-11i,3.59011934077252e-16+9.12498334568177e-20i,3.5901193402214e-16+9.12498336070957e-20i,3.59011933869373e-16+9.1249833440318e-20i,3.59011934163062e-16+9.12498336997333e-20i,3.59011934088425e-16+9.1249833745381e-20i,3.5901193392964e-16+9.12498336607205e-20i
5.10153143368587e-08+1.29789135758734e-11i,9.38114680912511e-17+2.38746093672281e-20i,9.3811468005014e-17+2.38746096030132e-20i,9.38114677650264e-17+2.38746093413057e-20i,9.38114682259099e-17+2.38746097483811e-20i,9.38114681089161e-17+2.38746098199582e-20i,9.38114678598086e-17+2.38746096871793e-20i
8.82241944113929e-07+2.24337848277885e-10i,1.65290476725769e-15+4.20309252170213e-19i,1.65290476669764e-15+4.20309253702185e-19i,1.65290476513774e-15+4.20309252001559e-19i,1.65290476813234e-15+4.20309254646082e-19i,1.65290476737314e-15+4.20309255111472e-19i,1.6529047657539e-15+4.20309254248328e-19i
3.47673820244974e-07+8.8406491039157e-11i,6.51873877885861e-16+1.65759077050651e-19i,6.5187387781114e-16+1.65759077255156e-19i,6.51873877602815e-16+1.65759077028088e-19i,6.51873878002569e-16+1.65759077381066e-19i,6.51873877901349e-16+1.65759077443263e-19i,6.51873877685121e-16+1.65759077327968e-19i
-2.71836970880416e-07-6.91266851098646e-11i,-5.05760446749892e-16-1.28617397759361e-19i,-5.05760446375869e-16-1.28617398781926e-19i,-5.05760445334964e-16-1.28617397646847e-19i,-5.05760447333743e-16-1.28617399412077e-19i,-5.05760446826743e-16-1.28617399722666e-19i,-5.05760445746051e-16-1.28617399146591e-19i
-1.25225855101519e-07-3.1850924272655e-11i,-2.29882426805377e-16-5.84801722101125e-20i,-2.29882426549819e-16-5.8480172908682e-20i,-2.29882425838812e-16-5.84801721332976e-20i,-2.29882427204285e-16-5.84801733392698e-20i,-2.29882426857794e-16-5.84801735513745e-20i,-2.29882426119589e-16-5.84801731579033e-20i
4.79578515515563e-08+1.21951651465433e-11i,8.86473497643879e-17+2.25428290688606e-20i,8.8647349540437e-17+2.25428296812054e-20i,8.86473489170805e-17+2.25428290014922e-20i,8.86473501140272e-17+2.25428300585952e-20i,8.86473498103996e-17+2.25428302445457e-20i,8.86473491632559e-17+2.25428298996156e-20i
-6.07430424690173e-07-1.54462425716426e-10i,-1.13922005686649e-15-2.89698625243722e-19i,-1.13922005652523e-15-2.89698626177078e-19i,-1.13922005557491e-15-2.8969862514096e-19i,-1.13922005739934e-15-2.89698626752102e-19i,-1.13922005693681e-15-2.89698627035689e-19i,-1.13922005595027e-15-2.89698626509773e-19i
-2.52253047004662e-07-6.41492740710232e-11i,-4.72109200808939e-16-1.20067764402707e-19i,-4.72109200471288e-16-1.20067765325991e-19i,-4.72109199531386e-16-1.20067764301108e-19i,-4.72109201336121e-16-1.20067765894974e-19i,-4.72109200878346e-16-1.20067766175379e-19i,-4.72109199902605e-16-1.20067765655291e-19i
-4.48921079520399e-07-1.14146581314044e-10i,-8.4506028461869e-16-2.14868147562692e-19i,-8.4506028443534e-16-2.14868148064405e-19i,-8.45060283924348e-16-2.14868147507409e-19i,-8.45060284905082e-16-2.14868148373453e-19i,-8.45060284656597e-16-2.14868148525897e-19i,-8.45060284126211e-16-2.14868148243165e-19i
0.00572328418019214+1.45530532056278e-06i,-9.02675322536608e-14-2.29529650519637e-17i,-9.02675322540674e-14-2.29529650508694e-17i,-9.02675322551655e-14-2.29529650520868e-17i,-9.02675322530389e-14-2.2952965050195e-17i,-9.02675322535683e-14-2.29529650498555e-17i,-9.02675322547375e-14-2.29529650504759e-17i
3.86048778197325e-07+9.8174695770156e-11i,7.15148432113923e-16+1.81879558900659e-19i,7.1514843189721e-16+1.81879559493078e-19i,7.15148431294222e-16+1.81879558835475e-19i,7.15148432452179e-16+1.81879559858146e-19i,7.15148432158416e-16+1.81879560038091e-19i,7.15148431532357e-16+1.8187955970437e-19i
-4.54400109637889e-07-1.15539580789843e-10i,-8.49631336086891e-16-2.16030445501387e-19i,-8.496313357564e-16-2.16030446405246e-19i,-8.49631334836152e-16-2.16030445401916e-19i,-8.4963133660294e-16-2.16030446962184e-19i,-8.49631336154946e-16-2.16030447236732e-19i,-8.49631335199626e-16-2.16030446727498e-19i
5.03860524047014e-07+1.28119629571256e-10i,9.38208798323765e-16+2.38563430777547e-19i,9.38208797896721e-16+2.38563431945243e-19i,9.38208796707995e-16+2.38563430649061e-19i,9.38208798990492e-16+2.38563432664837e-19i,9.38208798411568e-16+2.38563433019491e-19i,9.3820879717748e-16+2.38563432361649e-19i
-1.00246817240411e-06-2.54909973633033e-10i,-1.86886873819558e-15-4.75227036929805e-19i,-1.86886873754374e-15-4.7522703871196e-19i,-1.86886873572958e-15-4.75227036733699e-19i,-1.8688687392131e-15-4.75227039810153e-19i,-1.86886873832955e-15-4.75227040351488e-19i,-1.86886873644604e-15-4.75227039347459e-19i
-7.9811772158055e-07-2.02959310635476e-10i,-1.48616957610699e-15-3.77946986074237e-19i,-1.48616957549944e-15-3.77946987735333e-19i,-1.4861695738085e-15-3.77946985891458e-19i,-1.48616957705542e-15-3.77946988758987e-19i,-1.48616957623184e-15-3.77946989263523e-19i,-1.48616957447631e-15-3.7794698832773e-19i
4.40039420921088e-07+1.11886205020191e-10i,8.15154365550418e-16+2.072577788427e-19i,8.15154365485537e-16+2.07257779019676e-19i,8.15154365305589e-16+2.07257778823243e-19i,8.15154365651455e-16+2.07257779128724e-19i,8.15154365563607e-16+2.07257779182513e-19i,8.15154365376579e-16+2.07257779082785e-19i
-5.25056783267099e-07-1.33514197275555e-10i,-9.76421348944311e-16-2.48294490580206e-19i,-9.76421348841754e-16-2.48294490860352e-19i,-9.76421348556673e-16-2.48294490549357e-19i,-9.76421349104194e-16-2.48294491032885e-19i,-9.76421348965336e-16-2.48294491118076e-19i,-9.76421348669222e-16-2.48294490960156e-19i
-6.44177171893145e-09-1.64392750903517e-12i,-1.34156033902478e-17-3.4273612966998e-21i,-1.34156030354758e-17-3.4273622669298e-21i,-1.34156020477058e-17-3.42736118993121e-21i,-1.34156039442613e-17-3.42736286489613e-21i,-1.3415603463216e-17-3.42736315952227e-21i,-1.3415602437855e-17-3.42736261299624e-21i
0.0235846353943966+5.99705313643548e-06i,-2.94070778263091e-14-7.47823305774319e-18i,-2.94070778270249e-14-7.47823305565413e-18i,-2.94070778292142e-14-7.47823305796948e-18i,-2.94070778250962e-14-7.47823305436804e-18i,-2.94070778260446e-14-7.47823305372858e-18i,-2.94070778282855e-14-7.47823305490253e-18i
1.57543472506976e-07+4.00609801216965e-11i,2.90938996402692e-16+7.39826106507941e-20i,2.90938996236314e-16+7.39826111058078e-20i,2.90938995773078e-16+7.39826106007237e-20i,2.9093899666247e-16+7.39826113861763e-20i,2.90938996436925e-16+7.39826115243759e-20i,2.90938995956029e-16+7.39826112680458e-20i
-5.34980885500124e-07-1.36042667187326e-10i,-9.94685478475106e-16-2.52954047977458e-19i,-9.94685477827925e-16-2.52954049746828e-19i,-9.9468547602681e-16-2.52954047782814e-19i,-9.94685479485438e-16-2.52954050837341e-19i,-9.94685478608042e-16-2.52954051374676e-19i,-9.94685476738128e-16-2.52954050377944e-19i
1.4587252861341e-07+3.70938183101708e-11i,2.70736413857188e-16+6.88477943711461e-20i,2.70736413982829e-16+6.88477940275196e-20i,2.70736414332688e-16+6.88477944089439e-20i,2.70736413660925e-16+6.88477938156525e-20i,2.7073641383135e-16+6.88477937113684e-20i,2.70736414194491e-16+6.88477939048905e-20i
-9.91981487071231e-07-2.52231265734175e-10i,-1.84387340366771e-15-4.68835496194148e-19i,-1.84387340313726e-15-4.6883549764414e-19i,-1.84387340166136e-15-4.68835496034605e-19i,-1.84387340449556e-15-4.68835498537613e-19i,-1.84387340377664e-15-4.68835498978092e-19i,-1.84387340224416e-15-4.68835498161152e-19i
6.03623866751725e-07+1.53503295917799e-10i,1.1248536609084e-15+2.86071943650176e-19i,1.1248536603225e-15+2.86071945252122e-19i,1.12485365869178e-15+2.8607194347395e-19i,1.12485366182314e-15+2.86071946239444e-19i,1.12485366102876e-15+2.8607194672593e-19i,1.12485365933582e-15+2.86071945823536e-19i
-0.0134110623612883-3.41013818056579e-06i,5.92739931181883e-14+1.50719453309348e-17i,5.92739931185729e-14+1.5071945329827e-17i,5.92739931197072e-14+1.50719453310531e-17i,5.92739931175327e-14+1.50719453291418e-17i,5.92739931180465e-14+1.50719453288023e-17i,5.92739931192325e-14+1.50719453294218e-17i
7.08872949416785e-07+1.80249863726983e-10i,1.32093437709019e-15+3.35882988902998e-19i,1.3209343766498e-15+3.3588299010691e-19i,1.32093437542433e-15+3.35882988770513e-19i,1.32093437777757e-15+3.35882990848782e-19i,1.32093437718067e-15+3.35882991214482e-19i,1.3209343759083e-15+3.35882990536218e-19i
8.06524959489264e-07+2.05074557133952e-10i,1.50341663990082e-15+3.82265730997024e-19i,1.50341663951797e-15+3.82265732043857e-19i,1.50341663845224e-15+3.82265730881775e-19i,1.50341664049844e-15+3.82265732688805e-19i,1.50341663997961e-15+3.82265733006865e-19i,1.50341663887315e-15+3.82265732417016e-19i
-8.66050470852244e-07-2.20211462925485e-10i,-1.61717611411307e-15-4.11194763890453e-19i,-1.61717611393818e-15-4.11194764368648e-19i,-1.61717611345135e-15-4.11194763837794e-19i,-1.61717611438601e-15-4.11194764663136e-19i,-1.61717611414911e-15-4.11194764808511e-19i,-1.61717611364361e-15-4.11194764538974e-19i
-1.63130468142633e-07-4.1486539760434e-11i,-3.071636883427e-16-7.81235270010045e-20i,-3.0716368819309e-16-7.81235274101013e-20i,-3.07163687776618e-16-7.81235269559816e-20i,-3.07163688576269e-16-7.81235276621717e-20i,-3.07163688373475e-16-7.81235277864552e-20i,-3.07163687941096e-16-7.812352755596e-20i
8.35726962878185e-07+2.1250516872287e-10i,1.56029433011906e-15+3.96744128160072e-19i,1.56029432957224e-15+3.96744129655151e-19i,1.56029432805027e-15+3.96744127995555e-19i,1.56029433097267e-15+3.9674413057643e-19i,1.56029433023148e-15+3.96744131030568e-19i,1.56029432865133e-15+3.96744130188254e-19i
-7.02989182134849e-07-1.78748426934998e-10i,-1.31277317728538e-15-3.33791985277057e-19i,-1.31277317691009e-15-3.33791986303385e-19i,-1.3127731758652e-15-3.33791985164064e-19i,-1.3127731778713e-15-3.33791986935658e-19i,-1.31277317736269e-15-3.33791987247502e-19i,-1.31277317627789e-15-3.33791986669198e-19i
-1.83091139774833e-07-4.65535925208398e-11i,-3.41705972993293e-16-8.68814026685795e-20i,-3.41705972943866e-16-8.68814028036226e-20i,-3.41705972806463e-16-8.68814026537378e-20i,-3.41705973070399e-16-8.68814028868388e-20i,-3.41705973003413e-16-8.68814029278645e-20i,-3.41705972860721e-16-8.68814028517929e-20i
4.95152601637622e-07+1.25907142300328e-10i,9.22264726352145e-16+2.34513996309013e-19i,9.22264726078805e-16+2.34513997056186e-19i,9.22264725318273e-16+2.34513996226793e-19i,9.22264726778735e-16+2.3451399751658e-19i,9.22264726408287e-16+2.34513997743569e-19i,9.22264725618604e-16+2.34513997322609e-19i
5.68008389185756e-07+1.44436784966782e-10i,1.06072973916675e-15+2.69734972236021e-19i,1.0607297388712e-15+2.69734973044349e-19i,1.06072973804823e-15+2.69734972147047e-19i,1.06072973962826e-15+2.69734973542402e-19i,1.0607297392276e-15+2.69734973787944e-19i,1.06072973837329e-15+2.69734973332553e-19i
-9.22345709473137e-07-2.34540822311085e-10i,-1.71824738681567e-15-4.36940752371911e-19i,-1.71824738615674e-15-4.36940754173631e-19i,-1.71824738432256e-15-4.36940752173636e-19i,-1.71824738784439e-15-4.36940755283893e-19i,-1.71824738695117e-15-4.36940755831154e-19i,-1.71824738504696e-15-4.36940754816117e-19i
-2.38687469057096e-07-6.06904674421726e-11i,-4.48030598752377e-16-1.13918577328791e-19i,-4.48030598544921e-16-1.13918577896183e-19i,-4.48030597967193e-16-1.13918577266321e-19i,-4.4803059907628e-16-1.13918578245722e-19i,-4.48030598795139e-16-1.13918578418138e-19i,-4.48030598195369e-16-1.13918578098391e-19i
-1.53553094867495e-07-3.90507200079748e-11i,-2.82777243783339e-16-7.19225306743992e-20i,-2.82777243580269e-16-7.19225312295015e-20i,-2.82777243015285e-16-7.19225306133618e-20i,-2.82777244100351e-16-7.19225315717063e-20i,-2.8277724382497e-16-7.19225317402371e-20i,-2.82777243238395e-16-7.19225314275869e-20i
0.005435095379881+1.38202515326364e-06i,-9.02101435334967e-14-2.29384546853731e-17i,-9.02101435340129e-14-2.29384546839362e-17i,-9.02101435354791e-14-2.29384546855326e-17i,-9.02101435326737e-14-2.2938454683053e-17i,-9.02101435333709e-14-2.29384546826109e-17i,-9.02101435349017e-14-2.29384546834226e-17i
4.21157677094841e-07+1.07101785112761e-10i,7.81898542235222e-16+1.98852070764531e-19i,7.81898541938115e-16+1.98852071576752e-19i,7.81898541111345e-16+1.98852070675146e-19i,7.81898542698974e-16+1.98852072077272e-19i,7.81898542296247e-16+1.98852072323997e-19i,7.81898541437845e-16+1.98852071866404e-19i
4.98044888826037e-07+1.26639099397065e-10i,9.28169802509324e-16+2.36006888616106e-19i,9.2816980216385e-16+2.36006889560645e-19i,9.28169801202338e-16+2.3600688851218e-19i,9.28169803048631e-16+2.3600689014272e-19i,9.28169802580324e-16+2.36006890429606e-19i,9.2816980158206e-16+2.36006889897465e-19i
-2.36844654915656e-07-6.02299455999398e-11i,-4.45186895058648e-16-1.13218379877268e-19i,-4.45186894781492e-16-1.13218380635149e-19i,-4.45186894009919e-16-1.13218379793893e-19i,-4.45186895491373e-16-1.13218381102194e-19i,-4.45186895115658e-16-1.13218381332374e-19i,-4.45186894314652e-16-1.13218380905413e-19i
0.0132775803159378+3.3761968211324e-06i,-6.65627800997378e-14-1.69251607122463e-17i,-6.65627801001518e-14-1.69251607110682e-17i,-6.65627801013413e-14-1.69251607123632e-17i,-6.65627800990411e-14-1.69251607103365e-17i,-6.65627800996102e-14-1.69251607099717e-17i,-6.65627801008772e-14-1.69251607106216e-17i
-6.90792354100003e-07-1.75650427158811e-10i,-1.29312191556919e-15-3.28805084253666e-19i,-1.29312191514767e-15-3.28805085406432e-19i,-1.293121913974e-15-3.28805084126765e-19i,-1.29312191622732e-15-3.28805086116676e-19i,-1.29312191565601e-15-3.28805086466892e-19i,-1.29312191443757e-15-3.28805085817367e-19i
7.03406435028428e-07+1.78864991091425e-10i,1.31423737787481e-15+3.34195205292892e-19i,1.3142373775131e-15+3.34195206282031e-19i,1.31423737650608e-15+3.34195205184001e-19i,1.31423737843952e-15+3.34195206891451e-19i,1.31423737794928e-15+3.34195207191973e-19i,1.31423737690381e-15+3.34195206634649e-19i
-4.03141976080007e-08-1.02560545324573e-11i,-8.05406550700643e-17-2.04951101712264e-20i,-8.05406547199474e-17-2.04951111290319e-20i,-8.05406537446712e-17-2.04951100658222e-20i,-8.054065561699e-17-2.04951117193121e-20i,-8.05406551422075e-17-2.04951120101677e-20i,-8.05406541299308e-17-2.04951114706113e-20i
-2.21883712744703e-07-5.6417234458995e-11i,-4.17937690117777e-16-1.06265220086853e-19i,-4.17937689838576e-16-1.06265220850636e-19i,-4.17937689060796e-16-1.06265220002745e-19i,-4.17937690553833e-16-1.06265221321217e-19i,-4.17937690175386e-16-1.06265221553253e-19i,-4.17937689368022e-16-1.06265221122886e-19i
3.24791379188949e-08+8.25910083318017e-12i,6.24568869426934e-17+1.58816916277019e-20i,6.24568869427732e-17+1.58816916276281e-20i,6.24568869427804e-17+1.58816916277069e-20i,6.24568869426604e-17+1.5881691627593e-20i,6.24568869427297e-17+1.58816916275498e-20i,6.24568869428049e-17+1.58816916275985e-20i
0.00752683034749422+1.91390714493906e-06i,-8.3821835081384e-14-2.13142150281183e-17i,-8.38218350822103e-14-2.13142150258675e-17i,-8.3821835084523e-14-2.13142150283725e-17i,-8.38218350801149e-14-2.13142150244832e-17i,-8.38218350812126e-14-2.13142150237947e-17i,-8.38218350836158e-14-2.13142150250635e-17i
-1.05200973781847e-06-2.6750418690145e-10i,-1.96063947375339e-15-4.98554038815157e-19i,-1.96063947312033e-15-4.98554040546165e-19i,-1.96063947135813e-15-4.98554038624658e-19i,-1.9606394747417e-15-4.98554041612815e-19i,-1.96063947388358e-15-4.98554042138626e-19i,-1.9606394720541e-15-4.98554041163394e-19i
-9.61273727703969e-07-2.44428942137988e-10i,-1.78599748236878e-15-4.54136596002289e-19i,-1.78599748176941e-15-4.54136597640935e-19i,-1.78599748010138e-15-4.54136595821999e-19i,-1.78599748330438e-15-4.54136598650691e-19i,-1.78599748249195e-15-4.5413659914843e-19i,-1.78599748076012e-15-4.54136598225268e-19i
0.0183137464889989+4.65678277683598e-06i,-4.693620713385e-14-1.19348306398973e-17i,-4.69362071347882e-14-1.19348306373681e-17i,-4.69362071373549e-14-1.19348306401713e-17i,-4.69362071324511e-14-1.1934830635817e-17i,-4.69362071336736e-14-1.19348306350354e-17i,-4.69362071363437e-14-1.19348306364619e-17i
-1.14785205090555e-08-2.91700236296455e-12i,-1.91768572615003e-17-4.87135151022527e-21i,-1.91768573372613e-17-4.87135130292008e-21i,-1.9176857548412e-17-4.87135153306431e-21i,-1.91768571431343e-17-4.87135117518171e-21i,-1.91768572458462e-17-4.87135111219163e-21i,-1.91768574649816e-17-4.8713512290065e-21i
5.77990402117452e-07+1.46960363844896e-10i,1.08210882466934e-15+2.75127640069246e-19i,1.08210882444551e-15+2.7512764068133e-19i,1.08210882382234e-15+2.75127640001852e-19i,1.08210882501875e-15+2.75127641058395e-19i,1.08210882471543e-15+2.75127641244388e-19i,1.08210882406846e-15+2.7512764089948e-19i
-3.95885362005801e-07-1.00664029419869e-10i,-7.38670964673366e-16-1.87824507957289e-19i,-7.38670964648579e-16-1.87824508024927e-19i,-7.38670964579778e-16-1.8782450794984e-19i,-7.38670964711952e-16-1.87824508066556e-19i,-7.38670964678435e-16-1.87824508087154e-19i,-7.38670964606919e-16-1.87824508048998e-19i
3.94674243250194e-07+1.00366568038379e-10i,7.29655081732254e-16+1.85565457869175e-19i,7.29655081340657e-16+1.85565458939487e-19i,7.29655080251349e-16+1.85565457751463e-19i,7.29655082343416e-16+1.85565459599149e-19i,7.29655081812543e-16+1.85565459924195e-19i,7.29655080681496e-16+1.85565459321297e-19i
-8.40872640197082e-07-2.1382258618402e-10i,-1.56884920073817e-15-3.98945668911333e-19i,-1.56884920051532e-15-3.98945669520588e-19i,-1.56884919989512e-15-3.9894566884424e-19i,-1.56884920108593e-15-3.98945669895839e-19i,-1.56884920078402e-15-3.98945670081029e-19i,-1.56884920014004e-15-3.98945669737668e-19i
5.15090570110583e-08+1.30962184234598e-11i,9.34870370027505e-17+2.37683498682611e-20i,9.3487036869617e-17+2.37683502320466e-20i,9.34870364994261e-17+2.37683498282385e-20i,9.34870372104662e-17+2.37683504562336e-20i,9.34870370300134e-17+2.37683505667309e-20i,9.34870366455971e-17+2.37683503618117e-20i
3.06650162633973e-07+7.79856237273431e-11i,5.74908608690449e-16+1.46221005321259e-19i,5.74908608143402e-16+1.46221006817106e-19i,5.74908606620628e-16+1.46221005156669e-19i,5.74908609544558e-16+1.46221007738943e-19i,5.74908608802911e-16+1.46221008193248e-19i,5.74908607222054e-16+1.46221007350592e-19i
0.0107097278196784+2.72324771844259e-06i,-6.97085211749938e-14-1.77257162412234e-17i,-6.97085211759771e-14-1.77257162385825e-17i,-6.97085211786794e-14-1.77257162415132e-17i,-6.97085211735235e-14-1.7725716236959e-17i,-6.97085211748041e-14-1.77257162361477e-17i,-6.97085211776098e-14-1.77257162376377e-17i
-0.0209335179154521-5.32293218689957e-06i,4.08827659710456e-14+1.03963587578215e-17i,4.08827659718826e-14+1.03963587554679e-17i,4.08827659743481e-14+1.03963587580741e-17i,4.08827659697568e-14+1.03963587540232e-17i,4.08827659708523e-14+1.0396358753306e-17i,4.0882765973447e-14+1.03963587546437e-17i
-1.14226542494665e-07-2.90536591932329e-11i,-2.12715102584558e-16-5.41148576472069e-20i,-2.12715102150324e-16-5.41148588345445e-20i,-2.12715100941653e-16-5.41148575165998e-20i,-2.1271510326254e-16-5.41148595663026e-20i,-2.12715102673789e-16-5.4114859926869e-20i,-2.12715101419006e-16-5.41148592580406e-20i
5.49195143046545e-07+1.3966555954053e-10i,1.02813015978859e-15+2.61483693328755e-19i,1.02813015924704e-15+2.61483694809808e-19i,1.02813015773918e-15+2.61483693165772e-19i,1.02813016063425e-15+2.61483695722507e-19i,1.02813015990004e-15+2.61483696172335e-19i,1.02813015833474e-15+2.6148369533797e-19i
-3.86908370187492e-07-9.83849806390615e-11i,-7.25498446472603e-16-1.84487528219544e-19i,-7.25498446038061e-16-1.84487529407647e-19i,-7.25498444828593e-16-1.8448752808881e-19i,-7.25498447150991e-16-1.84487530139837e-19i,-7.25498446561916e-16-1.84487530500693e-19i,-7.25498445306257e-16-1.84487529831359e-19i
5.50676624805861e-07+1.40027826756759e-10i,1.02579270639204e-15+2.60847159385195e-19i,1.02579270611537e-15+2.60847160141558e-19i,1.02579270534547e-15+2.60847159302e-19i,1.0257927068239e-15+2.60847160607669e-19i,1.02579270644886e-15+2.60847160837397e-19i,1.02579270564951e-15+2.60847160411294e-19i
2.69180230862319e-07+6.84440576314012e-11i,5.02584592121309e-16+1.27789806361485e-19i,5.02584591767674e-16+1.27789807328437e-19i,5.02584590783291e-16+1.27789806255059e-19i,5.02584592673422e-16+1.27789807924329e-19i,5.02584592194036e-16+1.2778980821803e-19i,5.02584591172082e-16+1.27789807673279e-19i
-5.87423076689654e-07-1.49377954439568e-10i,-1.08934248977234e-15-2.77024825929572e-19i,-1.08934248950484e-15-2.77024826660719e-19i,-1.08934248876067e-15-2.77024825849105e-19i,-1.08934249018979e-15-2.77024827111266e-19i,-1.08934248982725e-15-2.77024827333379e-19i,-1.08934248905453e-15-2.77024826921459e-19i
-9.114733779425e-07-2.31765044482672e-10i,-1.70136205954552e-15-4.32614128119465e-19i,-1.70136205907124e-15-4.3261412941621e-19i,-1.70136205775116e-15-4.3261412797676e-19i,-1.70136206028588e-15-4.32614130215233e-19i,-1.70136205964304e-15-4.32614130609156e-19i,-1.70136205827249e-15-4.32614129878554e-19i
5.39884939914624e-08+1.37320678037437e-11i,9.47277837791401e-17+2.4098349871451e-20i,9.47277838271708e-17+2.40983497397846e-20i,9.47277839614104e-17+2.40983498859789e-20i,9.47277837040006e-17+2.40983496587148e-20i,9.47277837691106e-17+2.40983496187026e-20i,9.47277839083506e-17+2.40983496929143e-20i
2.37068598504564e-07+6.02782721790523e-11i,4.40162119295584e-16+1.119141325701e-19i,4.40162119467261e-16+1.11914132100508e-19i,4.40162119945369e-16+1.11914132621762e-19i,4.40162119027423e-16+1.11914131811082e-19i,4.40162119260258e-16+1.1191413166849e-19i,4.40162119756508e-16+1.11914131932994e-19i
0.0041519335779701+1.05574529709664e-06i,-9.17382228298532e-14-2.33270513960519e-17i,-9.1738222830652e-14-2.33270513938282e-17i,-9.17382228329307e-14-2.3327051396296e-17i,-9.17382228285726e-14-2.33270513924609e-17i,-9.17382228296623e-14-2.33270513917796e-17i,-9.17382228320056e-14-2.33270513930365e-17i
-6.68429473367417e-07-1.69981223813281e-10i,-1.2483330211475e-15-3.17467976715749e-19i,-1.24833302050365e-15-3.17467978476381e-19i,-1.24833301871125e-15-3.17467976522004e-19i,-1.24833302215279e-15-3.17467979561366e-19i,-1.24833302127993e-15-3.1746798009612e-19i,-1.24833301941918e-15-3.17467979104267e-19i
-6.27345748383232e-07-1.5953830661801e-10i,-1.16901913079967e-15-2.97312012901918e-19i,-1.16901913006553e-15-2.97312014909382e-19i,-1.16901912802189e-15-2.97312012681066e-19i,-1.16901913194593e-15-2.9731201614657e-19i,-1.16901913095061e-15-2.97312016756228e-19i,-1.16901912882904e-15-2.97312015625352e-19i
-9.97359553003293e-07-2.53610666631328e-10i,-1.8601215512904e-15-4.73002132284144e-19i,-1.86012155068475e-15-4.73002133940088e-19i,-1.86012154899899e-15-4.73002132101876e-19i,-1.86012155223581e-15-4.73002134960394e-19i,-1.86012155141496e-15-4.73002135463483e-19i,-1.86012154966475e-15-4.73002134530471e-19i
-7.23995171002683e-07-1.84104052471996e-10i,-1.35329341979857e-15-3.44138583397658e-19i,-1.35329341917104e-15-3.44138585113869e-19i,-1.35329341742376e-15-3.44138583208789e-19i,-1.35329342077848e-15-3.44138586171464e-19i,-1.35329341992771e-15-3.44138586692712e-19i,-1.35329341811388e-15-3.44138585725883e-19i
-1.18293699222243e-09-2.99145706147464e-13i,-3.65771020512336e-18-9.26155664933136e-22i,-3.65771020596451e-18-9.26155662878836e-22i,-3.65771020794323e-18-9.26155665162808e-22i,-3.65771020395434e-18-9.26155661602577e-22i,-3.65771020503289e-18-9.26155660957588e-22i,-3.65771020718913e-18-9.26155662126142e-22i
3.31929368200027e-07+8.43947620904416e-11i,6.2245089030107e-16+1.58253278675535e-19i,6.22450890223673e-16+1.58253278887358e-19i,6.22450890007932e-16+1.58253278652185e-19i,6.2245089042196e-16+1.58253279017763e-19i,6.22450890317108e-16+1.58253279082162e-19i,6.22450890093172e-16+1.58253278962762e-19i
0.019708491736576+5.01143527490039e-06i,-4.30800861960035e-14-1.09547750980738e-17i,-4.30800861969687e-14-1.09547750954271e-17i,-4.30800861996916e-14-1.09547750983553e-17i,-4.30800861945562e-14-1.09547750937934e-17i,-4.30800861958315e-14-1.09547750929801e-17i,-4.30800861986578e-14-1.09547750944757e-17i
3.15825087440099e-07+8.02996105251078e-11i,5.92728914188582e-16+1.50695315520425e-19i,5.92728914169227e-16+1.50695315573538e-19i,5.92728914115039e-16+1.50695315514533e-19i,5.92728914218831e-16+1.50695315606126e-19i,5.92728914192695e-16+1.50695315622334e-19i,5.92728914136464e-16+1.50695315592325e-19i
0.00871499705799124+2.2160316423852e-06i,-7.65935723486324e-14-1.94763716927809e-17i,-7.65935723495033e-14-1.9476371690394e-17i,-7.6593572351938e-14-1.94763716930409e-17i,-7.659357234729e-14-1.9476371688927e-17i,-7.65935723484582e-14-1.94763716881929e-17i,-7.65935723509705e-14-1.94763716895339e-17i
1.01472501205419e-07+2.58074220319534e-11i,1.905736629778e-16+4.84755775578901e-20i,1.90573662909267e-16+4.84755777455841e-20i,1.90573662717981e-16+4.847557753717e-20i,1.90573663084936e-16+4.84755778611934e-20i,1.9057366299205e-16+4.84755779182404e-20i,1.90573662793575e-16+4.84755778124511e-20i
1.39045250067181e-07+3.53640014281836e-11i,2.59884872945011e-16+6.61078977895144e-20i,2.59884872599672e-16+6.61078987337917e-20i,2.5988487163841e-16+6.61078976856407e-20i,2.59884873484238e-16+6.6107899315807e-20i,2.59884873015972e-16+6.61078996025479e-20i,2.59884872018064e-16+6.61078990706464e-20i
-1.01077211370423e-06-2.57015488043431e-10i,-1.88339574281846e-15-4.78903293367431e-19i,-1.88339574224325e-15-4.78903294940181e-19i,-1.88339574064219e-15-4.78903293194369e-19i,-1.88339574371644e-15-4.78903295909345e-19i,-1.88339574293673e-15-4.78903296387074e-19i,-1.8833957412745e-15-4.78903295501009e-19i
2.87424731803317e-07+7.30902453309462e-11i,5.36583990120616e-16+1.36455986720751e-19i,5.36583989652002e-16+1.36455988001996e-19i,5.36583988347708e-16+1.36455986579767e-19i,5.36583990852192e-16+1.36455988791622e-19i,5.36583990216918e-16+1.36455989180744e-19i,5.36583988862817e-16+1.36455988458967e-19i
-6.74002500315125e-08-1.71396444547282e-11i,-1.29154730274962e-16-3.2845357113497e-20i,-1.29154730078317e-16-3.28453576512344e-20i,-1.2915472953088e-16-3.28453570543356e-20i,-1.29154730582018e-16-3.28453579826419e-20i,-1.29154730315405e-16-3.28453581459322e-20i,-1.29154729747101e-16-3.28453578430338e-20i
-7.09791130725865e-07-1.80484010190983e-10i,-1.32201989015159e-15-3.3616148958709e-19i,-1.32201988971967e-15-3.36161490767958e-19i,-1.32201988851758e-15-3.36161489457122e-19i,-1.32201989082578e-15-3.36161491495587e-19i,-1.32201989024037e-15-3.36161491854318e-19i,-1.32201988899231e-15-3.36161491189014e-19i
0.00574162719216881+1.45996928359918e-06i,-8.87509519617075e-14-2.25675573334083e-17i,-8.87509519626312e-14-2.25675573308679e-17i,-8.87509519652414e-14-2.25675573336872e-17i,-8.87509519602714e-14-2.25675573293034e-17i,-8.87509519615246e-14-2.25675573285242e-17i,-8.8750951964206e-14-2.25675573299593e-17i
-0.0108448280666875-2.75760098171791e-06i,7.3548474355497e-14+1.87019103647772e-17i,7.35484743561278e-14+1.87019103629911e-17i,7.35484743579476e-14+1.87019103649747e-17i,7.35484743544683e-14+1.87019103618949e-17i,7.35484743553059e-14+1.87019103613381e-17i,7.35484743572162e-14+1.87019103623517e-17i
-8.86758766378838e-07-2.25480568201276e-10i,-1.64987038768459e-15-4.19518899121275e-19i,-1.64987038729221e-15-4.19518900193837e-19i,-1.64987038620047e-15-4.19518899003234e-19i,-1.64987038829693e-15-4.19518900854688e-19i,-1.6498703877652e-15-4.19518901180557e-19i,-1.64987038663159e-15-4.19518900576231e-19i
6.27134500450683e-07+1.59471495492449e-10i,1.16446750797066e-15+2.96113015729426e-19i,1.16446750754928e-15+2.96113016881296e-19i,1.16446750637683e-15+2.9611301560269e-19i,1.16446750862836e-15+2.96113017591158e-19i,1.16446750805716e-15+2.96113017941024e-19i,1.16446750683985e-15+2.96113017292116e-19i
-2.95470598918156e-07-7.51367365484109e-11i,-5.43766665004813e-16-1.38283638813536e-19i,-5.43766664595866e-16-1.38283639931428e-19i,-5.43766663458039e-16-1.38283638690597e-19i,-5.4376666564318e-16-1.38283640620496e-19i,-5.43766665088689e-16-1.38283640959936e-19i,-5.43766663907371e-16-1.38283640330282e-19i
5.83949870664544e-07+1.48482250474341e-10i,1.08667124219256e-15+2.76308002546839e-19i,1.08667124195377e-15+2.76308003199678e-19i,1.08667124128915e-15+2.76308002474973e-19i,1.08667124256527e-15+2.76308003601933e-19i,1.08667124224167e-15+2.76308003800302e-19i,1.08667124155162e-15+2.76308003432421e-19i
0.01515370602435+3.85325390755124e-06i,-5.03659366749189e-14-1.28070205646102e-17i,-5.03659366758375e-14-1.28070205619991e-17i,-5.03659366785139e-14-1.28070205648983e-17i,-5.03659366733838e-14-1.28070205603868e-17i,-5.03659366746384e-14-1.28070205595744e-17i,-5.03659366774182e-14-1.28070205610556e-17i
9.53210224589762e-07+2.42388953401876e-10i,1.78236183797975e-15+4.53242838395119e-19i,1.78236183717799e-15+4.53242840587862e-19i,1.78236183494549e-15+4.53242838153799e-19i,1.78236183923174e-15+4.53242841939096e-19i,1.78236183814479e-15+4.5324284260509e-19i,1.78236183582728e-15+4.5324284136977e-19i
9.97194526413055e-07+2.53564235716996e-10i,1.85794829986442e-15+4.7243538309388e-19i,1.85794829922118e-15+4.72435384852542e-19i,1.85794829743091e-15+4.7243538290036e-19i,1.85794830086854e-15+4.72435385936271e-19i,1.85794829999663e-15+4.72435386470451e-19i,1.85794829813794e-15+4.72435385479663e-19i
8.84390928277355e-07+2.24887535131717e-10i,1.64552679352952e-15+4.18440226175183e-19i,1.64552679281727e-15+4.18440228122509e-19i,1.64552679083501e-15+4.18440225960948e-19i,1.64552679464142e-15+4.18440229322613e-19i,1.64552679367584e-15+4.18440229914032e-19i,1.64552679161786e-15+4.18440228817047e-19i
-3.01461094961909e-07-7.66540204065325e-11i,-5.59190672746238e-16-1.42186648740883e-19i,-5.5919067252404e-16-1.42186649348324e-19i,-5.59190671905761e-16-1.42186648674088e-19i,-5.59190673093107e-16-1.42186649722712e-19i,-5.59190672791834e-16-1.42186649907167e-19i,-5.59190672149933e-16-1.42186649565024e-19i
4.95798132944762e-07+1.26066467889741e-10i,9.26213399359732e-16+2.35504140445001e-19i,9.26213399275133e-16+2.35504140676326e-19i,9.26213399039622e-16+2.35504140419526e-19i,9.26213399491769e-16+2.35504140818795e-19i,9.26213399377169e-16+2.35504140889121e-19i,9.26213399132632e-16+2.35504140758737e-19i
-4.32472281551148e-07-1.09968894503056e-10i,-8.07391922186763e-16-2.05304750407647e-19i,-8.07391921859075e-16-2.05304751303611e-19i,-8.07391920947017e-16-2.05304750309082e-19i,-8.07391922698349e-16-2.05304751855796e-19i,-8.07391922254086e-16-2.053047521279e-19i,-8.07391921307221e-16-2.05304751623167e-19i
-4.17703717253505e-07-1.06220654319768e-10i,-7.81465387887141e-16-1.98733786166042e-19i,-7.81465387794328e-16-1.98733786420209e-19i,-7.81465387535361e-16-1.98733786138002e-19i,-7.81465388032192e-16-1.98733786576681e-19i,-7.8146538790642e-16-1.98733786653965e-19i,-7.81465387637697e-16-1.98733786510697e-19i
-0.00604932762054713-1.53821077311582e-06i,9.1028619570465e-14+2.3146682250709e-17i,9.10286195711456e-14+2.31466822488149e-17i,9.10286195730799e-14+2.31466822509167e-17i,9.10286195694049e-14+2.31466822476502e-17i,9.10286195703116e-14+2.3146682247072e-17i,9.10286195723299e-14+2.31466822481414e-17i
-0.00517625624450751-1.31620795936204e-06i,8.94829236272678e-14+2.27536238781194e-17i,8.94829236278496e-14+2.27536238764846e-17i,8.94829236295301e-14+2.27536238782987e-17i,8.94829236263314e-14+2.27536238754818e-17i,8.94829236271201e-14+2.27536238749854e-17i,8.94829236288522e-14+2.27536238759046e-17i
-5.86562629793078e-07-1.49146551806001e-10i,-1.09467160691084e-15-2.78341901628988e-19i,-1.0946716066038e-15-2.7834190246856e-19i,-1.0946716057491e-15-2.78341901536585e-19i,-1.09467160739017e-15-2.78341902985848e-19i,-1.09467160697402e-15-2.78341903240896e-19i,-1.09467160608666e-15-2.78341902767878e-19i
1.58028842394782e-08+4.0165863623051e-12i,2.86162039376383e-17+7.27241165855665e-21i,2.86162041650866e-17+7.27241103665826e-21i,2.86162047981332e-17+7.27241172695471e-21i,2.86162035825001e-17+7.27241065331392e-21i,2.86162038909379e-17+7.27241046450431e-21i,2.86162045481176e-17+7.2724108147698e-21i
4.20928034994832e-07+1.07039595615435e-10i,7.85130352350712e-16+1.99663294327098e-19i,7.85130352054061e-16+1.99663295138495e-19i,7.85130351227939e-16+1.99663294237789e-19i,7.85130352813956e-16+1.99663295638423e-19i,7.85130352411809e-16+1.99663295884899e-19i,7.85130351554242e-16+1.9966329542777e-19i
-3.81294185523122e-08-9.68777522142883e-12i,-7.10226140595214e-17-1.8036713598499e-20i,-7.10226144201978e-17-1.80367126121808e-20i,-7.10226154243218e-17-1.80367137070223e-20i,-7.10226134963056e-17-1.80367120042671e-20i,-7.10226139853717e-17-1.80367117047729e-20i,-7.10226150277202e-17-1.80367122603332e-20i
-3.91930853185251e-07-9.96658632047737e-11i,-7.29078146840505e-16-1.85409108724235e-19i,-7.29078146447231e-16-1.85409109799372e-19i,-7.29078145352854e-16-1.85409108605974e-19i,-7.29078147454414e-16-1.85409110461987e-19i,-7.29078146921261e-16-1.8540911078851e-19i,-7.29078145785041e-16-1.85409110182846e-19i
6.16230620533136e-08+1.5685521786365e-11i,1.15073834906794e-16+2.93089641894163e-20i,1.15073834721796e-16+2.93089646952e-20i,1.15073834206954e-16+2.93089641338229e-20i,1.1507383519567e-16+2.93089650070469e-20i,1.15073834944743e-16+2.9308965160571e-20i,1.15073834410286e-16+2.93089648757293e-20i
-7.54247713030342e-07-1.91787534352284e-10i,-1.41076932214431e-15-3.58725469649448e-19i,-1.41076932165081e-15-3.58725470998995e-19i,-1.41076932027683e-15-3.58725469500889e-19i,-1.41076932291479e-15-3.58725471830506e-19i,-1.41076932224589e-15-3.58725472240493e-19i,-1.41076932081949e-15-3.58725471480107e-19i
0.000218796975854842+5.56352533757502e-08i,-9.52979887756584e-14-2.42322050562068e-17i,-9.52979887760884e-14-2.42322050550288e-17i,-9.52979887772879e-14-2.42322050563365e-17i,-9.52979887749855e-14-2.42322050543032e-17i,-9.52979887755686e-14-2.42322050539453e-17i,-9.52979887768137e-14-2.4232205054609e-17i
-7.52837029710934e-07-1.91433666941618e-10i,-1.4049130383961e-15-3.57251122184109e-19i,-1.40491303802322e-15-3.57251123203749e-19i,-1.40491303698515e-15-3.57251122071864e-19i,-1.40491303897823e-15-3.57251123831995e-19i,-1.40491303847285e-15-3.57251124141756e-19i,-1.40491303739515e-15-3.57251123567263e-19i
3.42791751294913e-07+8.71726394323504e-11i,6.35724565355445e-16+1.61675655628246e-19i,6.3572456519498e-16+1.61675656066913e-19i,6.35724564748455e-16+1.61675655580005e-19i,6.35724565605933e-16+1.61675656337306e-19i,6.35724565388385e-16+1.61675656470509e-19i,6.35724564924798e-16+1.61675656223412e-19i
7.4563340380634e-07+1.89600193498159e-10i,1.39480673605931e-15+3.54676303195678e-19i,1.3948067355624e-15+3.54676304554638e-19i,1.39480673417885e-15+3.54676303046119e-19i,1.39480673683521e-15+3.54676305392012e-19i,1.39480673616159e-15+3.546763058048e-19i,1.3948067347253e-15+3.54676305039175e-19i
6.07843492473571e-07+1.545618251739e-10i,1.13458151714015e-15+2.8850062907475e-19i,1.13458151663465e-15+2.88500630457136e-19i,1.13458151522732e-15+2.8850062892265e-19i,1.13458151792947e-15+2.88500631309034e-19i,1.13458151724413e-15+2.88500631728856e-19i,1.13458151578316e-15+2.88500630950121e-19i
-0.0141052993337435-3.58666633482357e-06i,5.94907577052172e-14+1.51280500236495e-17i,5.94907577063504e-14+1.51280500204762e-17i,5.94907577095774e-14+1.51280500240086e-17i,5.94907577033695e-14+1.51280500185416e-17i,5.94907577048646e-14+1.51280500175648e-17i,5.94907577082726e-14+1.51280500193645e-17i
-4.17910743562195e-07-1.06267941957034e-10i,-7.86768423244168e-16-2.00066915480236e-19i,-7.86768422966768e-16-2.00066916239323e-19i,-7.86768422193686e-16-2.00066915396642e-19i,-7.86768423677537e-16-2.00066916706986e-19i,-7.8676842330146e-16-2.00066916937586e-19i,-7.86768422499096e-16-2.00066916509887e-19i
9.16165500283778e-08+2.33015438338457e-11i,1.69142426567882e-16+4.30260470311435e-20i,1.69142426560635e-16+4.30260470508342e-20i,1.69142426540683e-16+4.30260470290203e-20i,1.69142426579159e-16+4.30260470630504e-20i,1.69142426569281e-16+4.30260470689726e-20i,1.69142426548543e-16+4.30260470579531e-20i
0.00783504586118691+1.99227939143295e-06i,-7.71684168903125e-14-1.96225571808422e-17i,-7.71684168911913e-14-1.96225571784316e-17i,-7.716841689366e-14-1.96225571811012e-17i,-7.71684168889424e-14-1.96225571769504e-17i,-7.71684168901315e-14-1.96225571762138e-17i,-7.71684168926648e-14-1.96225571775698e-17i
0.00654944194772076+1.66537876804337e-06i,-8.96777080838311e-14-2.28032435067636e-17i,-8.96777080843739e-14-2.28032435052326e-17i,-8.96777080859376e-14-2.28032435069327e-17i,-8.96777080829519e-14-2.28032435042951e-17i,-8.96777080836755e-14-2.28032435038309e-17i,-8.96777080853039e-14-2.28032435046999e-17i
1.43600785714952e-07+3.65175787757627e-11i,2.64356356970721e-16+6.72287003218578e-20i,2.64356356757471e-16+6.72287009049188e-20i,2.64356356163962e-16+6.72287002577307e-20i,2.64356357303704e-16+6.72287012643471e-20i,2.64356357014494e-16+6.72287014413601e-20i,2.64356356398379e-16+6.7228701112982e-20i
8.761672752386e-07+2.22793056498491e-10i,1.63132707965744e-15+4.1482153730037e-19i,1.63132707899128e-15+4.14821539121751e-19i,1.63132707713716e-15+4.14821537099967e-19i,1.6313270806974e-15+4.14821540244195e-19i,1.63132707979436e-15+4.148215407974e-19i,1.63132707786941e-15+4.1482153977131e-19i
1.05183851511434e-06+2.67470459814374e-10i,1.96324991793917e-15+4.99246675562356e-19i,1.96324991716689e-15+4.9924667767433e-19i,1.96324991501669e-15+4.99246675329886e-19i,1.96324991914499e-15+4.99246678975726e-19i,1.9632499180981e-15+4.99246679617243e-19i,1.96324991586595e-15+4.99246678427396e-19i
0.00953291290279481+2.42400970300961e-06i,-7.54610890005705e-14-1.91883499250295e-17i,-7.54610890014681e-14-1.91883499225531e-17i,-7.54610890040072e-14-1.91883499252978e-17i,-7.54610889991922e-14-1.91883499210314e-17i,-7.54610890004129e-14-1.91883499202721e-17i,-7.54610890030296e-14-1.91883499216677e-17i
-5.99319637967014e-07-1.52387761949596e-10i,-1.11676596850444e-15-2.83952588321511e-19i,-1.11676596822875e-15-2.83952589075532e-19i,-1.11676596746105e-15-2.83952588238508e-19i,-1.1167659689349e-15-2.83952589540043e-19i,-1.11676596856124e-15-2.83952589769136e-19i,-1.11676596776427e-15-2.83952589344286e-19i
2.78610625467998e-07+7.08411475292773e-11i,5.2122283272712e-16+1.32526138672717e-19i,5.21222832408674e-16+1.32526139543595e-19i,5.21222831522054e-16+1.32526138576888e-19i,5.21222833224374e-16+1.32526140080265e-19i,5.2122283279265e-16+1.32526140344762e-19i,5.21222831872243e-16+1.32526139854148e-19i
1.38343897178412e-07+3.51698003787521e-11i,2.56957980241673e-16+6.53150303023621e-20i,2.56957980426029e-16+6.53150297980897e-20i,2.56957980939448e-16+6.5315030357848e-20i,2.56957979953687e-16+6.53150294872458e-20i,2.56957980203748e-16+6.53150293341516e-20i,2.5695798073663e-16+6.53150296181521e-20i
-2.00803881247719e-07-5.1072877892498e-11i,-3.78042255938261e-16-9.61663691005853e-20i,-3.78042255709462e-16-9.61663697265379e-20i,-3.78042255072051e-16-9.61663690316666e-20i,-3.78042256295664e-16-9.61663701122515e-20i,-3.78042255985447e-16-9.61663703023839e-20i,-3.78042255323852e-16-9.61663699497301e-20i
-7.59907251468715e-07-1.9322879317668e-10i,-1.41601460413607e-15-3.60067059024832e-19i,-1.41601460375619e-15-3.60067060063851e-19i,-1.41601460269828e-15-3.60067058910446e-19i,-1.41601460472924e-15-3.60067060703975e-19i,-1.41601460421435e-15-3.60067061019641e-19i,-1.41601460311613e-15-3.60067060434199e-19i
-2.36450908167982e-07-6.01191569816417e-11i,-4.43710899337269e-16-1.12810602857039e-19i,-4.43710899210673e-16-1.12810603203228e-19i,-4.43710898858222e-16-1.12810602818929e-19i,-4.43710899534902e-16-1.12810603416509e-19i,-4.43710899363334e-16-1.12810603521683e-19i,-4.43710898997425e-16-1.12810603326622e-19i
3.43435921731259e-07+8.73422819197568e-11i,6.4203663933403e-16+1.63298670786781e-19i,6.4203663896889e-16+1.63298671785325e-19i,6.42036637952329e-16+1.63298670676877e-19i,6.42036639904156e-16+1.63298672400603e-19i,6.42036639409157e-16+1.63298672703931e-19i,6.42036638353842e-16+1.63298672141383e-19i
-6.15552336869381e-07-1.56518213424743e-10i,-1.15015120528288e-15-2.92450334758513e-19i,-1.15015120516038e-15-2.92450335093558e-19i,-1.15015120481918e-15-2.92450334721544e-19i,-1.15015120547407e-15-2.92450335299834e-19i,-1.1501512053082e-15-2.92450335401744e-19i,-1.15015120495395e-15-2.92450335212833e-19i
3.99164503810485e-08+1.01427188893985e-11i,7.37792258633728e-17+1.87381294655927e-20i,7.37792261075337e-17+1.87381287978058e-20i,7.37792267874472e-17+1.87381295390951e-20i,7.37792254820882e-17+1.87381283862975e-20i,7.37792258130967e-17+1.87381281834741e-20i,7.37792265188847e-17+1.87381285596809e-20i
1.12769032619039e-07+2.86820302337318e-11i,2.10643907868168e-16+5.35855404270522e-20i,2.10643907371566e-16+5.3585541784868e-20i,2.10643905989326e-16+5.35855402776738e-20i,2.10643908643515e-16+5.35855426217683e-20i,2.106439079702e-16+5.35855430340872e-20i,2.10643906535241e-16+5.35855422692297e-20i
3.76037714552867e-07+9.56230855782661e-11i,7.09213023535784e-16+1.80352030105353e-19i,7.09213022849358e-16+1.80352031982871e-19i,7.09213020937726e-16+1.8035202989872e-19i,7.09213024607794e-16+1.80352033139851e-19i,7.09213023677145e-16+1.80352033710065e-19i,7.09213021692805e-16+1.80352032652358e-19i
0.00680749191716654+1.73099516422969e-06i,-8.17383180750056e-14-2.07844590287889e-17i,-8.17383180758668e-14-2.07844590263827e-17i,-8.17383180783178e-14-2.0784459029056e-17i,-8.17383180736214e-14-2.07844590249016e-17i,-8.17383180747928e-14-2.07844590241632e-17i,-8.17383180773342e-14-2.07844590255177e-17i
5.5887299716118e-07+1.42108049366104e-10i,1.03980978113569e-15+2.64398398193894e-19i,1.03980978075663e-15+2.64398399230133e-19i,1.03980977970182e-15+2.64398398079863e-19i,1.03980978172735e-15+2.6439839986872e-19i,1.03980978121356e-15+2.64398400183482e-19i,1.03980978011838e-15+2.64398399599668e-19i
4.20390079031626e-07+1.06891024490505e-10i,7.81499440927454e-16+1.9870321107578e-19i,7.81499440588368e-16+1.98703212002572e-19i,7.81499439645058e-16+1.98703210973811e-19i,7.81499441456621e-16+1.98703212573729e-19i,7.8149944099704e-16+1.9870321285522e-19i,7.81499440017544e-16+1.98703212333105e-19i
9.25890064018417e-08+2.35417816047591e-11i,1.72968477623451e-16+4.39772860390639e-20i,1.72968477284913e-16+4.39772869648195e-20i,1.72968476342471e-16+4.39772859372141e-20i,1.7296847815208e-16+4.39772875353763e-20i,1.72968477693067e-16+4.39772878164829e-20i,1.72968476714703e-16+4.39772872950179e-20i
6.44074502876989e-07+1.63770444897316e-10i,1.20207020788645e-15+3.05650896763249e-19i,1.20207020744301e-15+3.05650897975813e-19i,1.20207020620854e-15+3.05650896629806e-19i,1.20207020857875e-15+3.05650898722991e-19i,1.20207020797768e-15+3.05650899091322e-19i,1.20207020669611e-15+3.05650898408155e-19i
-0.0331154851987446-8.42053766623604e-06i,-2.73961495790165e-15-6.95000451229537e-19i,-2.73961495693429e-15-6.95000453744117e-19i,-2.73961495436428e-15-6.95000450924547e-19i,-2.73961495923889e-15-6.95000455248983e-19i,-2.73961495806474e-15-6.95000456051535e-19i,-2.73961495544303e-15-6.95000454614858e-19i
7.662470001066e-07+1.9483699517764e-10i,1.42822027323626e-15+3.63157875226113e-19i,1.42822027283959e-15+3.63157876310623e-19i,1.4282202717356e-15+3.63157875106752e-19i,1.42822027385543e-15+3.63157876978825e-19i,1.42822027331783e-15+3.63157877308308e-19i,1.4282202721716e-15+3.63157876697254e-19i
4.4081755725293e-07+1.12092199028171e-10i,8.27931396298908e-16+2.10533341303434e-19i,8.27931395872727e-16+2.10533342469185e-19i,8.27931394685741e-16+2.10533341175099e-19i,8.27931396964496e-16+2.10533343187496e-19i,8.27931396386735e-16+2.10533343541604e-19i,8.27931395154602e-16+2.10533342884839e-19i
4.12123481715138e-07+1.04797224359748e-10i,7.69062095191791e-16+1.95565589453333e-19i,7.69062094786462e-16+1.95565590561747e-19i,7.69062093657998e-16+1.95565589331353e-19i,7.69062095824694e-16+1.95565591244873e-19i,7.69062095275153e-16+1.95565591581493e-19i,7.69062094103711e-16+1.95565590957085e-19i
-1.74386976313887e-08-4.4215814607323e-12i,-3.108138257944e-17-7.86555304770936e-21i,-3.10813828189656e-17-7.8655523928507e-21i,-3.10813834855461e-17-7.86555311971178e-21i,-3.10813822054492e-17-7.86555198911784e-21i,-3.10813825303e-17-7.86555179032564e-21i,-3.10813832222919e-17-7.86555215913293e-21i
-2.95494780207417e-07-7.51425221564745e-11i,-5.49644000792431e-16-1.39777641150396e-19i,-5.49644000459336e-16-1.39777642061181e-19i,-5.49643999532157e-16-1.39777641050174e-19i,-5.49644001312451e-16-1.39777642622443e-19i,-5.49644000860901e-16-1.39777642899079e-19i,-5.49643999898325e-16-1.39777642385991e-19i
1.82997286258338e-09+4.76849026463054e-13i,1.41445144304806e-18+3.94691606100103e-22i,1.41445132383722e-18+3.94691931850714e-22i,1.4144509923454e-18+3.94691570293605e-22i,1.41445162906279e-18+3.94692132654687e-22i,1.41445146744883e-18+3.9469223157512e-22i,1.41445112323768e-18+3.94692048084348e-22i
-2.83115833881342e-07-7.19907676522377e-11i,-5.22452631446095e-16-1.32851804618369e-19i,-5.22452631502926e-16-1.32851804462746e-19i,-5.22452631661453e-16-1.32851804635486e-19i,-5.22452631357211e-16-1.32851804366789e-19i,-5.22452631434356e-16-1.32851804319584e-19i,-5.22452631598806e-16-1.32851804407197e-19i
-4.27084442732955e-07-1.08607678326908e-10i,-7.97300806932887e-16-2.02766198544822e-19i,-7.97300806260272e-16-2.02766200384222e-19i,-7.97300804387639e-16-2.02766198342421e-19i,-7.97300807983185e-16-2.02766201517829e-19i,-7.97300807071244e-16-2.02766202076436e-19i,-7.97300805127288e-16-2.02766201040261e-19i
8.51697662506505e-07+2.16575976300652e-10i,1.59349836545195e-15+4.05218445566677e-19i,1.59349836450613e-15+4.05218448153286e-19i,1.59349836187269e-15+4.05218445282006e-19i,1.59349836692884e-15+4.05218449747277e-19i,1.59349836564661e-15+4.05218450532884e-19i,1.59349836291283e-15+4.05218449075689e-19i
-2.28927637181857e-07-5.82096167875794e-11i,-4.28025878631935e-16-1.08832906391562e-19i,-4.28025878609264e-16-1.0883290645361e-19i,-4.28025878546077e-16-1.08832906384722e-19i,-4.2802587866736e-16-1.08832906491844e-19i,-4.28025878636605e-16-1.0883290651069e-19i,-4.28025878571049e-16-1.08832906475745e-19i
-4.02408736193577e-07-1.02323693305152e-10i,-7.53787593648461e-16-1.91673525658693e-19i,-7.537875935138e-16-1.91673526026919e-19i,-7.53787593138892e-16-1.9167352561812e-19i,-7.53787593858647e-16-1.91673526253716e-19i,-7.53787593676225e-16-1.9167352636565e-19i,-7.53787593286954e-16-1.91673526158104e-19i
