2.96876783785511-3.30670498784661e-15i,-4.49518582688304e-24+4.08872578992902e-31i,-1.93624911789946e-27+2.16877058570118e-34i,-2.72227463886337e-26+3.24683635222369e-33i,1.12307583865826e-24-1.02111553744537e-31i,-2.20149051096579e-27+2.35611453268637e-24i,-1.11211998445884e-27+1.15370813234008e-38i
3.86949458315577e-07-1.22007103016287e-21i,-2.73008350685726e-28+2.41974475762774e-35i,3.25678858058772e-31+1.26895332189624e-38i,6.36755001389812e-30+1.89570762222782e-37i,6.86583656857368e-29-6.04310980520835e-36i,-9.70084043899699e-30+1.31501545759551e-28i,6.47461594569232e-31+1.7858757074324e-42i
-6.83129057436199e-08-2.34887487554814e-21i,-1.70570915985542e-28+1.48321776556651e-35i,-1.08768367506858e-30+7.56092166349154e-39i,-1.80766920219037e-29+1.14572756694428e-37i,4.18830877644526e-29-3.70426947273469e-36i,1.86628654056977e-29+7.74251654566461e-29i,-1.08446000589583e-30-8.20396864197847e-42i
4.71198176851817e-07-7.49904245641829e-22i,-3.32800989059449e-28+2.95358664355577e-35i,4.80471104627412e-31+1.55145847333694e-38i,9.38672479363106e-30+2.31643989610166e-37i,8.37901851508455e-29-7.37632677693434e-36i,-1.37531014729292e-29+1.60967759697769e-28i,8.93188182567505e-31+3.44110316907248e-42i
-0.0599934358685682+6.689894471812e-17i,9.06075566093083e-26-8.24342797100389e-33i,3.73183229805886e-29-4.37322741051792e-36i,5.17329340368268e-28-6.54684691428177e-35i,-2.26391217821168e-26+2.05870778127464e-33i,7.27296201792669e-29-4.75259032154834e-26i,1.9804872455813e-29-2.40516839788949e-40i
-2.03727904237588e-07+2.55789692382337e-21i,-1.68528252369007e-28+1.53158537835366e-35i,1.04744957451295e-30+8.28248406341516e-39i,1.50065638633585e-29+1.22728307064558e-37i,4.23470416195731e-29-3.82491064034111e-36i,-1.76864806989781e-29+8.80320874738181e-29i,1.38689631085229e-31+1.50430546192601e-41i
-5.13619567363288e-08-1.37525176809305e-21i,-1.69848023869665e-28+1.52341770582979e-35i,4.69281973044457e-31+8.101712887615e-39i,5.50344894276608e-30+1.20798804282924e-37i,4.2310365437721e-29-3.80455727821583e-36i,-4.98339816266421e-30+8.5228814819088e-29i,-3.34382499012511e-31+8.03551237421267e-42i
-0.188691721855453+2.10217855136365e-16i,2.85493064675032e-25-2.59699283680751e-32i,1.18817442991419e-28-1.37760425837257e-35i,1.6542850022098e-27-2.06233893020174e-34i,-7.13315657648524e-26+6.48571165336666e-33i,2.05878620058906e-28-1.49674821644656e-25i,6.42149034763071e-29-7.4723838486463e-40i
-3.45534986628468e-07+2.41908587502302e-21i,-1.64577134402327e-28+1.41707904684059e-35i,-2.42967772280951e-30+7.0882937118145e-39i,-4.12500392409934e-29+1.08999952665822e-37i,3.92482910208265e-29-3.53910626474256e-36i,3.52080799693366e-29+7.26880315454001e-29i,-2.90558738674434e-30-1.20048148564337e-41i
-6.05597436122152e-08-3.72415353838157e-22i,-2.81579530008547e-28+2.4579826928633e-35i,-1.1763507813064e-30+1.26122860242581e-38i,-1.80751301701623e-29+1.90261068951222e-37i,6.98578549427111e-29-6.13868755839195e-36i,1.51764317593584e-29+1.2922369900441e-28i,-7.20214106673192e-31-1.12758860719828e-41i
0.162030863640724-1.80496584313556e-16i,-2.45592164777633e-25+2.23393099584512e-32i,-1.02609578063891e-28+1.18498140589898e-35i,-1.42969189735192e-27+1.77397987244074e-34i,6.13618923615967e-26-5.57900366787891e-33i,-1.75006574339157e-28+1.28737784635526e-25i,-5.5661960358857e-29+6.39763840607055e-40i
0.0719510382071186-8.0161063867669e-17i,-1.09099126313467e-25+9.92436900041342e-33i,-4.41615659519616e-29+5.26459709225268e-36i,-6.09010505335477e-28+7.88120328320729e-35i,2.72602465418745e-26-2.47850493797841e-33i,-9.95482502487165e-29+5.71993662077886e-26i,-2.22452861439515e-29+2.85546307706261e-40i
0.110716553197347-1.23293852960042e-16i,-1.67237226213132e-25+1.52141549986519e-32i,-6.93308368937502e-29+8.07098737913175e-36i,-9.65815798704527e-28+1.20825841517093e-34i,4.17847846442149e-26-3.7995722143386e-33i,-1.26334812282507e-28+8.77022583311675e-26i,-3.79119687823916e-29+4.46336736481814e-40i
-6.43635813625532e-07-3.22463325248716e-21i,-2.66816144528674e-28+2.33997117340221e-35i,-6.49484352296004e-31+1.20886153071559e-38i,-9.51991031509212e-30+1.81774066054101e-37i,6.65004517044464e-29-5.84393604248555e-36i,6.10417728159942e-30+1.24280322789729e-28i,-2.14221894571905e-31-7.02992114554322e-42i
-0.0290741643386091+3.23475613440181e-17i,4.38939460095163e-26-3.99420831372067e-33i,1.76925840821412e-29-2.11922417580766e-36i,2.44495521682169e-28-3.17247889973201e-35i,-1.09675205572676e-26+9.97510637295663e-34i,4.14676771838433e-29-2.3037182866358e-26i,9.23853504246391e-30-1.19594699333706e-40i
0.0448567640374695-4.99349278359915e-17i,-6.79050311087098e-26+6.17794407286007e-33i,-2.69345690665311e-29+3.2775283534886e-36i,-3.70084025213038e-28+4.90643999419411e-35i,1.69675570488297e-26-1.54287531461353e-33i,-7.04145011177833e-29+3.56172007200528e-26i,-1.33271466517353e-29+1.82834919697197e-40i
1.18446523211108e-07-3.69315726743465e-21i,-2.09526964797663e-28+1.84156191897992e-35i,-6.48806537143977e-31+9.53198580432012e-39i,-1.01805328338834e-29+1.43463271930747e-37i,5.20250667275986e-29-4.59917565776683e-36i,7.33999917375293e-30+9.84111820324925e-29i,-5.55123494289623e-31-3.63052253463843e-42i
1.24667413467809e-07-1.79756338554297e-21i,2.46419451198382e-29-2.36336847778245e-36i,-4.35674021815859e-31-1.36003285099433e-39i,-7.15822632085297e-30-1.9731436003605e-38i,-6.4328973994928e-30+5.90189327601598e-37i,1.20381786220606e-29-1.5017662724892e-29i,-3.39496266562361e-31-6.28499219391057e-42i
5.86485416981253e-07+6.30886028083294e-21i,-1.63596586221956e-28+1.45497997220645e-35i,1.96030841836562e-31+7.66066359258801e-39i,4.06474596729096e-30+1.14367196403137e-37i,4.11641259963211e-29-3.63367750773359e-36i,-8.78695514955314e-30+7.96994051589298e-29i,3.24655378045167e-31+2.9592982617556e-42i
-9.59916674862782e-08-5.17671589101798e-21i,-1.41620459968313e-28+1.23600226936746e-35i,-1.06640106810772e-30+6.32321665269274e-39i,-1.75969977821271e-29+9.58941318519402e-38i,3.46612722107212e-29-3.08684385062121e-36i,1.26406677732876e-29+6.51629166304648e-29i,-1.16369419837711e-30-5.00498699170332e-42i
-4.67330894052265e-07-2.0213112964642e-21i,-2.87116732397564e-28+2.53578750155602e-35i,-1.06088422177653e-30+1.31908606019136e-38i,-1.88588915690203e-29+1.98684743662513e-37i,7.07504132397425e-29-6.33291626519986e-36i,1.0480330971611e-29+1.37308852804873e-28i,-1.66995129354313e-30+2.14523534712943e-44i
-1.52624212289287e-07+4.70099861780087e-21i,-1.70177090656129e-28+1.52279325665788e-35i,7.65679746276435e-31+8.09201863570494e-39i,1.32985307256874e-29+1.20170750306326e-37i,4.31889480565055e-29-3.8030179644046e-36i,-1.81462735740403e-29+8.44186474081328e-29i,9.91653471681572e-31+5.87090081745665e-42i
-0.015823311418004+1.76203039165102e-17i,2.36613765303536e-26-2.15465508188386e-33i,7.1687862300015e-30-1.14386435132264e-36i,9.03182836952808e-29-1.7120444185247e-35i,-5.91422149833062e-27+5.38101791955227e-34i,6.56833706529581e-29-1.2445424797384e-26i,1.74100889546193e-30-7.91347397331105e-41i
3.21751893937045e-07-1.24138702896484e-21i,-3.80023732731539e-28+3.38287886032373e-35i,1.45882873829606e-30+1.78634057155487e-38i,2.6259136787041e-29+2.65686305176633e-37i,9.64087080125074e-29-8.4484363186676e-36i,-2.86004983953297e-29+1.85325635502857e-28i,2.16523873248247e-30+6.87787699328309e-42i
-8.93938201448896e-08+5.89531903228462e-21i,-2.41135765809906e-28+2.15942969556525e-35i,2.66535445575329e-31+1.14527302591165e-38i,3.86169321654273e-30+1.70970309131894e-37i,6.03217827473333e-29-5.39293284014529e-36i,-1.45106607486928e-29+1.20314191033451e-28i,-5.81465593888028e-32+9.99848397367857e-42i
-2.57007793588726e-08+2.92490944681454e-21i,-2.45566978006316e-28+2.17788409341226e-35i,-1.8232569558221e-31+1.14105056011455e-38i,-2.97302957847509e-30+1.70970274192378e-37i,6.1249653112916e-29-5.43907137313646e-36i,-3.57839091258344e-30+1.18757581748588e-28i,-2.61270495885941e-31+2.56218529716136e-42i
-3.81805763005616e-07+4.92184442108099e-21i,-4.15275641056463e-28+3.61874370472408e-35i,-2.59842300974782e-30+1.84966642569514e-38i,-4.2837850563018e-29+2.80091467702018e-37i,1.02044642133763e-28-9.0376289390649e-36i,3.79625130900397e-29+1.89864859139887e-28i,-2.63139900258066e-30-1.77025484026167e-41i
-1.52607209889799e-07+1.14193458579584e-22i,-3.47960380706485e-28+3.05831328807817e-35i,-7.79701778039504e-31+1.58416409104811e-38i,-1.23797017611452e-29+2.38148538269172e-37i,8.65485377014579e-29-7.6379321047721e-36i,8.99706661156773e-30+1.6336065557763e-28i,-6.01364887357866e-31-6.2180262731115e-42i
1.22742316567559e-07+1.39607733348773e-21i,-2.83077649067138e-28+2.50304604416963e-35i,1.41444506779213e-31+1.30847178168549e-38i,4.0730195273198e-30+1.95671694961246e-37i,7.12039542193044e-29-6.25116315028158e-36i,-9.389277284069e-30+1.35277232823311e-28i,7.27657492350116e-31-4.23270586946546e-43i
5.62550821724128e-08+3.40498007987835e-21i,-2.47481259794254e-28+2.17834092648029e-35i,1.26176168563837e-32+1.13233385503638e-38i,1.55421783386864e-30+1.69580578023414e-37i,6.21345664036315e-29-5.44026171598803e-36i,-5.87452266747021e-31+1.1650459498643e-28i,4.51194891489357e-31-3.9222770229887e-42i
-2.12966346120613e-08+3.23654726308775e-22i,-3.36192550910626e-28+2.97691046969809e-35i,-1.73824469915159e-31+1.5571691484782e-38i,-3.35642197297635e-30+2.3334078704886e-37i,8.37951282904002e-29-7.4345804133452e-36i,-1.10226874076236e-30+1.61743212996614e-28i,-4.56715697887718e-31+1.89830888344547e-42i
2.55493257939055e-07-2.73521878714916e-22i,-3.75242724772522e-28+3.34527629391216e-35i,1.08680642757858e-30+1.76799999072768e-38i,1.89185695164901e-29+2.63330945966221e-37i,9.47053592045411e-29-8.35450510538108e-36i,-2.44558742786989e-29+1.84108219344512e-28i,1.30196369840925e-30+9.07306675547491e-42i
9.39497242016807e-08+1.54635096889465e-21i,-4.25472360596913e-28+3.7737753354312e-35i,5.42865894915817e-31+1.98058544265438e-38i,1.01929522319312e-29+2.95856777027514e-37i,1.06951580993709e-28-9.42468236869751e-36i,-1.43352666126816e-29+2.05449040064905e-28i,8.87639505277924e-31+3.70347206952497e-42i
1.88914542620378e-07-1.22688963233416e-20i,-3.1866490192962e-28+2.8567517223066e-35i,1.18545759376706e-30+1.51988561756917e-38i,1.96673823802139e-29+2.26027487242455e-37i,8.04417353380111e-29-7.13442311492426e-36i,-2.57139237672656e-29+1.59215187998655e-28i,1.03953304674692e-30+1.3527685583624e-41i
-5.2552128584557e-07+1.87913129720115e-21i,-3.12418386620276e-28+2.74961382284783e-35i,-1.25117681105947e-30+1.42434962708719e-38i,-2.1722826359924e-29+2.14711819165858e-37i,7.70093730490761e-29-6.86695462812562e-36i,1.40507459920052e-29+1.47651006478269e-28i,-1.72189063824621e-30-3.49895321586941e-42i
-1.63392486009911e-07+1.3589640055933e-21i,-3.33499549827432e-28+2.95834151976913e-35i,-9.728449401255e-32+1.55071977879997e-38i,-2.37627954492381e-30+2.32271155126004e-37i,8.31264745966805e-29-7.38819304700132e-36i,-2.1583293331454e-30+1.61402727891548e-28i,-4.2946077061448e-31+3.75527183639527e-42i
1.96065706930398e-07-1.77891086610453e-21i,-2.18923842843944e-28+1.95937102063105e-35i,1.17444352174906e-30+1.04198990813302e-38i,1.99950063473916e-29+1.54598124147582e-37i,5.56370913535297e-29-4.89332732990167e-36i,-2.08437623663817e-29+1.08626679787025e-28i,1.375048794627e-30+7.678850438446e-42i
-2.11555729261181e-07-2.87540770506965e-21i,-3.62813711533032e-28+3.20258768512597e-35i,-1.050295452873e-30+1.66606751375292e-38i,-1.80371154459412e-29+2.50619453532911e-37i,8.98055009139351e-29-7.99820461123166e-36i,9.48033543309259e-30+1.73017052774944e-28i,-1.45860158342608e-30-1.01819378481585e-42i
4.19252159940264e-07-2.68604020846672e-21i,-2.95598288218275e-28+2.62331079567781e-35i,9.51722276751495e-31+1.37990505504402e-38i,1.814229816786e-29+2.0544384512716e-37i,7.50282317600116e-29-6.55150157556024e-36i,-1.94639453600515e-29+1.42688490121547e-28i,1.81345243420682e-30+2.36161644710849e-42i
3.3595567521319e-07+1.94206142054163e-21i,-2.74830507020832e-28+2.43569953313033e-35i,6.97722110654684e-31+1.27863200323261e-38i,1.39054515985719e-29+1.90566016636087e-37i,6.96514298509646e-29-6.08296426920993e-36i,-1.63579262261164e-29+1.32114364876067e-28i,1.51676860117085e-30+1.13129472606626e-42i
-1.88820319050459e-07+2.01122065850657e-21i,-4.77503405958876e-28+4.246535162947e-35i,3.78327108597696e-31+2.23443854401685e-38i,5.77208289811899e-30+3.33993540799676e-37i,1.19478944054579e-28-1.0605319958021e-35i,-1.51802258806932e-29+2.32851316934634e-28i,1.958749215099e-32+8.74299683401868e-42i
2.18617426193252e-07-3.96096458001893e-23i,-4.25088170854109e-28+3.75166053269497e-35i,-1.9684351957062e-31+1.95533748221971e-38i,-1.9832461385154e-30+2.92992667046793e-37i,1.06361606523003e-28-9.36949023856782e-36i,-1.53730252572774e-30+2.02094315633776e-28i,1.58873980727932e-31-2.50744212430948e-42i
-3.26590712286523e-09+2.22412548080927e-21i,-1.99745560330162e-28+1.78372573458787e-35i,4.30251449028786e-31+9.44053269109115e-39i,8.26173799287853e-30+1.40657748335561e-37i,5.04336610108167e-29-4.45467472910547e-36i,-1.78408698926895e-29+9.85515556788706e-29i,7.09726706939043e-31+5.82479941372266e-42i
-0.0105099063867793+1.17041495943447e-17i,1.54632910620372e-26-1.40901891002617e-33i,4.62802202099143e-30-7.48238084263764e-37i,5.73442508116096e-29-1.11988520207158e-35i,-3.86527981014301e-27+3.51887168157907e-34i,3.76055049833895e-29-8.1495242883168e-27i,7.88095022602238e-31-4.74706543984901e-41i
-8.05088326769066e-08-3.48355067603203e-21i,-3.1504969992281e-28+2.78486605850376e-35i,-6.60067489330843e-31+1.45209793228429e-38i,-1.08487056892306e-29+2.18085935274829e-37i,7.8290991769151e-29-6.9549732664619e-36i,1.56060389006355e-30+1.50814320616133e-28i,-7.65930496591321e-31+1.41350328225988e-43i
2.2129011910399e-07-4.0438332528385e-21i,-1.69999693955829e-28+1.49498934167952e-35i,5.23439707422565e-31+7.78321260182526e-39i,1.1091872169102e-29+1.15969726359703e-37i,4.33651575224172e-29-3.73365102917983e-36i,-8.21458046638814e-30+7.94865907097542e-29i,1.48792804808048e-30-3.9292779819261e-42i
-6.20599338620187e-08+4.61849354454801e-22i,-3.53021437354944e-28+3.12454513189124e-35i,8.28412606300603e-33+1.63433072707896e-38i,7.04229971749105e-31+2.44655785470451e-37i,8.83579479834118e-29-7.80329456529919e-36i,-5.86970498500954e-30+1.69434530658701e-28i,1.85915787880565e-31+9.82487562165437e-43i
4.12590663415729e-07+2.38678850462357e-21i,-3.26152253929772e-28+2.87328358358562e-35i,5.39975511889332e-31+1.49705790882951e-38i,1.13497431475701e-29+2.23618118264908e-37i,8.23987984876714e-29-7.17583681290985e-36i,-7.08928805926177e-30+1.53760155019623e-28i,1.4750370627783e-30-4.72907262820223e-42i
-2.71042149196932e-07+1.52266908087974e-21i,-3.41038586471809e-28+3.02065526458153e-35i,-9.64752697884374e-31+1.57769125142989e-38i,-1.74139854510359e-29+2.37214784818734e-37i,8.42587889643775e-29-7.54381357373382e-36i,4.41563252064686e-30+1.645649972083e-28i,-1.66047409535132e-30+3.09337864665021e-42i
6.05387469657798e-07+6.38773895078394e-21i,-2.70785444108755e-28+2.4298362098676e-35i,1.93593245441081e-30+1.29765550795974e-38i,3.33181618658322e-29+1.91969180454076e-37i,6.92660089112926e-29-6.06825693966197e-36i,-3.29643366233077e-29+1.35303520677857e-28i,2.38709421569188e-30+1.14021913472945e-41i
-3.07590480685786e-07+2.00488163691502e-21i,-7.62504221293103e-29+6.78186814363828e-36i,-4.04455604768584e-31+3.55014750438998e-39i,-8.45205696116646e-30+5.36388196041549e-38i,1.84126396349873e-29-1.69369685833782e-36i,6.36781136733037e-30+3.74829954608584e-29i,-1.08510118480717e-30+2.15690670646795e-42i
-3.30554761458768e-07+1.64799539359131e-21i,4.76465253696323e-28-4.23388074880338e-35i,-8.39350825861777e-31-2.22760638962858e-38i,-1.54048936848335e-29-3.32427520988377e-37i,-1.19953781554061e-28+1.05737375708409e-35i,2.25434723810643e-29-2.31410104803004e-28i,-1.2427632177633e-30-6.78770369294066e-42i
3.66312085787676e-07-9.9550316869259e-21i,-2.06677464462138e-28+1.84332779661524e-35i,7.85031115935471e-31+9.75342885887234e-39i,1.35400675910864e-29+1.45088372571081e-37i,5.22998517855512e-29-4.60353398493158e-36i,-1.44405797504172e-29+1.01484964236192e-28i,9.37630627004919e-31+5.18981500426921e-42i
7.70904718539866e-08-3.32520930424845e-21i,-1.29411978048584e-29+1.2360023369977e-36i,4.53490211849954e-31+7.16871934320087e-40i,7.78562852975213e-30+1.0172679990614e-38i,3.59971862360789e-30-3.0866381020738e-37i,-7.82981681253638e-30+7.69332810046656e-30i,5.42921774188794e-31+3.03085328618235e-42i
-3.52886968414852e-07+3.86589524565208e-21i,-1.21914110034233e-28+1.07192056667022e-35i,-1.14535296324424e-30+5.52176153118672e-39i,-2.04437798582386e-29+8.396036188532e-38i,2.93700641263231e-29-2.67703278394547e-36i,1.3253694720053e-29+5.77301955775872e-29i,-1.77402221865088e-30-1.05927047652245e-42i
2.9766060458819e-07-3.07229129914221e-22i,2.76627987487421e-28-2.42459626127273e-35i,1.3541387594564e-30-1.2491538901904e-38i,2.28337188977523e-29-1.88634664069996e-37i,-6.81177656720726e-29+6.05527188856014e-36i,-1.72624660492818e-29-1.28953406366531e-28i,1.59441898500396e-30+6.77509299716253e-42i
7.19657703915355e-08-3.23300163169964e-21i,-9.68782802435506e-29+8.49693274514943e-36i,-2.85922131301242e-31+4.38829491695205e-39i,-4.20591452055028e-30+6.60303511044595e-38i,2.41340711361492e-29-2.12205720942662e-36i,2.43362881280185e-30+4.5145965578143e-29i,-7.14113198658554e-32-2.36548519799344e-42i
-2.12972800237368e-07+1.69149268092625e-21i,-2.10491032367775e-28+1.86561678916842e-35i,-4.35827931064889e-31+9.75696663374503e-39i,-8.02359898022673e-30+1.4653264361631e-37i,5.21296259404818e-29-4.6592085037479e-36i,1.50047857146768e-30+1.01739243571185e-28i,-8.38873342950572e-31+2.11835141654603e-42i
-2.3202955960408e-07+1.96533379996296e-22i,-1.03758794658042e-28+8.96890031317874e-36i,-8.38787469012443e-31+4.53246628186995e-39i,-1.43697650091996e-29+6.89640745360773e-38i,2.5266340671985e-29-2.23995284174944e-36i,1.68387580056075e-29+4.62150863946994e-29i,-9.87165505485571e-31-6.80181650085067e-42i
3.943919894547e-07+1.17901197770257e-21i,-1.04349051723284e-28+9.40912650992017e-36i,1.31223052172528e-30+5.07333889712043e-39i,2.35711702449555e-29+7.43645371883108e-38i,2.73678517488104e-29-2.34982873526557e-36i,-2.32148535571298e-29+5.26739910331678e-29i,2.02380184232035e-30+5.2948334012171e-42i
1.11165263807318e-07-4.19271554105538e-21i,-1.84453773355958e-29+1.80431519754608e-36i,9.61253582904019e-31+1.08016998264421e-39i,1.60428340591121e-29+1.50474282783294e-38i,5.29750249086186e-30-4.50581078425224e-37i,-1.36272355020111e-29+1.16563192921422e-29i,1.03243261336519e-30+5.61364409531973e-42i
7.52629802985502e-08+4.15595060926643e-21i,-2.85857815913991e-29+2.41332131146171e-36i,-8.68775383517628e-32+1.19061233068618e-39i,-5.43214822964815e-31+1.79809834641105e-38i,7.28346658412575e-30-6.02739265661003e-37i,2.89082503550738e-30+1.15494384983094e-29i,3.09983415563383e-31-4.27750592905158e-42i
-5.18452593070359e-07-2.13598015942593e-21i,-1.16952459624826e-28+1.02382823832688e-35i,-1.03816279789581e-30+5.24868996009488e-39i,-1.91051057690345e-29+7.98551951849016e-38i,2.81197296591653e-29-2.55693737144233e-36i,1.66257791051742e-29+5.4584373582013e-29i,-1.77748299210779e-30-2.68654314545095e-42i
-1.86235302335885e-07-5.38466767087147e-21i,-1.26761156064939e-28+1.12559012581842e-35i,-3.15419720834359e-31+5.8967309248546e-39i,-6.28593617107812e-30+8.8624326493757e-38i,3.1243260459923e-29-2.81105153925205e-36i,1.96224012556295e-30+6.17100117651922e-29i,-7.41093881973091e-31+2.21133863309525e-42i
-2.05678769366752e-07-4.02040529183506e-21i,-1.59086325805818e-28+1.40427840282485e-35i,-7.01854122076936e-31+7.29647697663416e-39i,-1.24058165603257e-29+1.10025518467226e-37i,3.9096936006406e-29-3.50706727075644e-36i,7.04753267166821e-30+7.59902962965593e-29i,-1.13012361472455e-30-1.69894740325352e-44i
1.21005209454891e-07+2.56575420230408e-21i,1.63633824312212e-28-1.43592291400793e-35i,7.91119664323474e-31-7.40831775003911e-39i,1.34808019604167e-29-1.11852488140296e-37i,-4.02698110071263e-29+3.58611967087166e-36i,-1.01283631324431e-29-7.65979601137785e-29i,9.96013394416904e-31+3.34065961646429e-42i
-6.2342748494669e-07+3.89017228050628e-21i,-1.95464769284229e-28+1.71107145251952e-35i,-1.59692620443926e-30+8.77794072177078e-39i,-2.78994213113232e-29+1.33286727984043e-37i,4.74487746206851e-29-4.2732853478116e-36i,2.06556653481871e-29+9.10317626535482e-29i,-2.22284697816136e-30-4.82067479121012e-42i
2.90911828453901e-07-1.17378959578359e-21i,-6.74418836591241e-29+6.27792484580414e-36i,1.50736589775931e-30+3.52124745685846e-39i,2.56588596557581e-29+5.08767796295186e-38i,1.80247506584717e-29-1.56780203670374e-36i,-2.54358293410951e-29+3.7454113492764e-29i,1.72257647809169e-30+1.02814572213022e-41i
-3.0556608686047e-07+4.5593580628994e-21i,-1.05258843004062e-28+9.13995492585896e-36i,-8.39421036334454e-31+4.6439148603995e-39i,-1.47276130378286e-29+7.06217056694382e-38i,2.55546903795131e-29-2.28266092362805e-36i,1.68889559937211e-29+4.76655584366823e-29i,-1.18948663919921e-30-5.38071691932241e-42i
2.24064207947854e-08-2.2130960439139e-21i,4.35333516849847e-30-9.0041408517338e-38i,1.49896181052691e-30+1.82037053157244e-40i,2.47325591556936e-29+9.49621104378281e-40i,-7.33234946889629e-32+2.25442053886953e-38i,-2.29489313188222e-29+2.79980528860054e-30i,1.51806188829923e-30+9.53154297307264e-42i
9.84215139734901e-08-3.39281288021407e-21i,-1.1009018868287e-28+1.00918826970281e-35i,1.57323959472155e-30+5.54131734864749e-39i,2.5893403890653e-29+8.10709509544502e-38i,2.85559392625e-29-2.52029200427879e-36i,-2.59414011728827e-29+5.86883204731814e-29i,1.49524404756154e-30+1.2028683801651e-41i
-7.37239035011189e-09-2.82264539037935e-21i,-1.12996798108442e-28+9.92495397218278e-36i,-2.00280885211906e-31+5.13841323752991e-39i,-3.01027889563468e-30+7.72044879520196e-38i,2.81703323136617e-29-2.47869371260433e-36i,3.59296716939164e-30+5.2900848742506e-29i,-8.85200752877169e-32-2.34935017694937e-42i
-5.49799839695206e-07+1.5938925135431e-21i,-8.44935347766789e-29+6.82852959172329e-36i,-3.00092665869761e-30+3.07645417343173e-39i,-5.09544371991821e-29+4.97959125579957e-38i,1.88082524290449e-29-1.70549838391312e-36i,5.24080753044068e-29+2.98124324177008e-29i,-3.45123087040779e-30-2.06596532236717e-41i
4.38082674698859e-07-3.10413482806376e-21i,-1.36163967369485e-28+1.22672896850781e-35i,1.56992464371105e-30+6.6023974673485e-39i,2.76653791262441e-29+9.6982905305743e-38i,3.54472152070042e-29-3.06362345609495e-36i,-2.56485973342976e-29+6.86518934177744e-29i,2.15474375681559e-30+6.83143565284753e-42i
3.9884864419526e-07-3.76139559036058e-21i,-1.48722757332195e-28+1.31584604451955e-35i,8.34463543485303e-31+6.91240332247848e-39i,1.60051722320696e-29+1.02534001523088e-37i,3.82066385360303e-29-3.28623413235102e-36i,-1.42889953955652e-29+7.08608747167426e-29i,1.69194537191141e-30-7.73943107675422e-43i
-0.00250699284672646+2.79386769339939e-18i,3.45162448051767e-27-3.16231949852375e-34i,-9.66943970822458e-31-1.6857014054103e-37i,-2.24220910749009e-29-2.5202857318793e-36i,-8.64609025008752e-28+7.89753255690507e-35i,3.91202452204789e-29-1.8494140578648e-27i,-2.73101937613561e-30-1.93611800590153e-41i
-6.92313391684185e-09-7.35668019145217e-21i,-3.31669266456064e-28+2.9216088884491e-35i,-4.74569539221576e-31+1.51818373398944e-38i,-7.4227714500634e-30+2.27902515890527e-37i,8.26554081386716e-29-7.29650763798735e-36i,4.90588687658106e-30+1.56814451962798e-28i,-3.81113526722481e-31-3.63694854006557e-42i
-2.54352920477444e-07-4.34405347253523e-21i,-1.65636224807656e-28+1.45309300837337e-35i,-8.06933309138143e-31+7.49399555658895e-39i,-1.36638098452136e-29+1.13152810999447e-37i,4.07795159832979e-29-3.62900166018886e-36i,1.02589469129801e-29+7.74561174186113e-29i,-9.64367007323202e-31-3.57684888145347e-42i
1.74060304615822e-07-3.05216294585898e-21i,-2.41518990841442e-28+2.13411372960452e-35i,-1.45213451777478e-31+1.1136117834689e-38i,-1.80690210916344e-30+1.66885504794589e-37i,6.03831016600443e-29-5.32978155032087e-36i,-7.6810052328884e-31+1.15309393479444e-28i,1.48106444799314e-32-3.65740284424743e-43i
-1.7321906622611e-07-9.94129409989199e-22i,-2.8227244027503e-28+2.52394995929492e-35i,9.43532065360753e-32+1.3355143919215e-38i,-6.66968518841299e-32+1.99695034316288e-37i,7.02461788354846e-29-6.30328442036728e-36i,-1.05096113172125e-29+1.40289234771526e-28i,-7.09395722889463e-31+1.06331839076208e-41i
3.47453056617764e-07+5.47163238268331e-21i,-2.12572096176317e-28+1.88752124620526e-35i,4.8778188680583e-31+9.92738066517163e-39i,9.12107843925878e-30+1.48028321729672e-37i,5.36655425462072e-29-4.7139208462348e-36i,-1.08136830380292e-29+1.02922829271908e-28i,7.78002255296213e-31+2.44574614829609e-42i
-3.19674922436008e-08-7.17697479366145e-21i,-3.29271490130559e-28+2.92597251839163e-35i,-7.48443579145331e-32+1.53696570587286e-38i,-1.59989189215109e-30+2.30092359749986e-37i,8.21602767977067e-29-7.30734148831514e-36i,-7.06979347225266e-30+1.6025725102918e-28i,-3.121208276818e-31+5.51430489077062e-42i
-1.45189892445524e-07-6.18906591379062e-22i,-2.02867410302602e-28+1.78564927578374e-35i,-9.45441528509065e-31+9.24557779004524e-39i,-1.70073487616708e-29+1.39556421091761e-37i,4.97720243146383e-29-4.45952187022023e-36i,1.30881097499421e-29+9.60115019062803e-29i,-1.49636236124664e-30-1.92000630497733e-42i
-5.83209772791332e-07+4.03196465492143e-21i,-4.29982029463238e-28+3.76650906290827e-35i,-2.6332904355299e-30+1.93702151418296e-38i,-4.57398853049845e-29+2.93175852005062e-37i,1.05207035687976e-28-9.40660627705762e-36i,3.77450576578947e-29+2.00331013277621e-28i,-3.56769373641541e-30-1.0531336166803e-41i
0.006272785962363-6.99664840804805e-18i,-9.73179415297479e-27+8.86034086335005e-34i,-2.1234485945661e-30+4.70385271215119e-37i,-2.16748853261498e-29+7.03938364668981e-36i,2.43342071103737e-27-2.2127744425792e-34i,-4.23986226190001e-29+5.11556170410117e-27i,7.46077885943714e-31+3.40011088156624e-41i
4.51006769534856e-08+2.32426925533827e-21i,-3.20621953623556e-28+2.84188411514879e-35i,5.87692606424076e-31+1.49109626956357e-38i,1.11307317043314e-29+2.22542600377306e-37i,8.08332434830215e-29-7.09737135245935e-36i,-1.34401891992845e-29+1.54368829722218e-28i,1.10371878554692e-30+1.80756999745671e-42i
-2.37492223324753e-07+1.18822676234674e-21i,-3.09736643049232e-28+2.71263256094355e-35i,-1.5775728703162e-30+1.39604701459066e-38i,-2.67678526524224e-29+2.10916338537275e-37i,7.61936391914299e-29-6.77462764530353e-36i,2.14625725606713e-29+1.44028429896712e-28i,-1.89568186564119e-30-8.21384148869595e-42i
1.7330572372326e-07+1.89505350503102e-21i,-3.2643257726124e-28+2.89298185657325e-35i,6.03972165354585e-31+1.51778269313117e-38i,1.16118132073865e-29+2.26504377060604e-37i,8.23330066503959e-29-7.22498500418942e-36i,-1.47610366738372e-29+1.57078797320292e-28i,1.15824842928525e-30+1.67859266519253e-42i
-2.26028309811615e-07+2.32891646088438e-21i,-8.88252011841886e-30+7.97041858653495e-37i,-4.29888597101774e-31+4.07664504454976e-40i,-7.96353202023709e-30+6.55757893308317e-39i,1.7322435953051e-30-1.99043192593223e-37i,3.79153462020428e-30+4.67770247196935e-30i,-8.44868561025119e-31+9.01949377743199e-43i
-1.18950769869425e-07+1.72539507653805e-21i,-4.25084511654773e-28+3.75456464985951e-35i,-7.80393663767252e-31+1.95631327359016e-38i,-1.35168342631992e-29+2.93793049664039e-37i,1.05585662534542e-28-9.37672350582644e-36i,5.36367725485834e-30+2.02962688144071e-28i,-1.06070519230419e-30-7.53729466133531e-43i
2.24236551060047e-07+3.4343450962948e-21i,-4.48974951577499e-28+3.96258998785846e-35i,-1.71460864317912e-31+2.065524199349e-38i,-9.23003293670896e-31+3.09422243467332e-37i,1.12476327103235e-28-9.89627251909209e-36i,-4.20285703264675e-30+2.1341543923607e-28i,3.86004059900185e-31-2.89031453656021e-42i
4.04722083496151e-07+5.39726517384137e-21i,-2.68333470811731e-28+2.38247593283031e-35i,1.23312713478592e-30+1.25509562775863e-38i,2.18162579153645e-29+1.86565192117239e-37i,6.82158730922669e-29-5.95003679332982e-36i,-1.60823567812913e-29+1.29666675204954e-28i,1.82351480283977e-30+2.45731267570263e-42i
-2.09758851503483e-08-7.0926056856616e-21i,-2.82085267417203e-28+2.5235853545187e-35i,8.29248583109166e-31+1.33878758654122e-38i,1.33051885204051e-29+1.9938292680672e-37i,7.09740001661816e-29-6.30238439350472e-36i,-1.84282409455433e-29+1.40088787266365e-28i,5.95805833459056e-31+1.0291860938284e-41i
-8.71248446825124e-08-2.54404701771452e-21i,-2.51368098825982e-28+2.23138262604873e-35i,1.39020977333443e-31+1.17149290822438e-38i,2.83210167641391e-30+1.75158152556533e-37i,6.30343514217016e-29-5.57267980693593e-36i,-8.23266733951317e-30+1.2178557393516e-28i,3.16078147450779e-31+3.09168111033349e-42i
-4.95925831896921e-07+1.48013814866368e-21i,-2.61191144808971e-28+2.2702879297612e-35i,-2.46614610027483e-30+1.1537705136911e-38i,-4.22673163346e-29+1.75712145066848e-37i,6.32823784336638e-29-5.66993026330149e-36i,3.70892153196865e-29+1.18769908700959e-28i,-3.11121818567598e-30-1.20161543266289e-41i
2.74918747249914e-07+5.89484390106866e-21i,-4.13889903674483e-28+3.68470145862904e-35i,1.19675270353864e-30+1.94448916993557e-38i,2.18159060842115e-29+2.89596715870548e-37i,1.04662691538651e-28-9.20220178402349e-36i,-2.86130106335429e-29+2.02060892135101e-28i,1.8011450649714e-30+7.95008307335813e-42i
2.72217692286886e-07-9.79642957499804e-22i,-3.04741903905153e-28+2.70889181813907e-35i,1.355400501129e-30+1.4288742836671e-38i,2.45239279649369e-29+2.12352255087766e-37i,7.7537098885706e-29-6.76522567524983e-36i,-2.37227399842876e-29+1.47813054137967e-28i,2.16756038029628e-30+3.82825566959249e-42i
4.33200360933778e-07-2.6750218436346e-21i,-2.06762557153762e-28+1.84409281839856e-35i,1.22490560234074e-30+9.77541022920272e-39i,2.22692779975815e-29+1.44878117641391e-37i,5.29224974853394e-29-4.60545409101091e-36i,-2.26293193423494e-29+1.0126893756167e-28i,1.91658420952577e-30+4.54718334912194e-42i
3.14780397844827e-07-9.73675924791905e-21i,-2.1474569813431e-28+1.93498510968646e-35i,1.87355448501643e-30+1.03934808523507e-38i,3.21575819349454e-29+1.53332028903559e-37i,5.51920070525552e-29-4.8324010083267e-36i,-3.39757667482505e-29+1.08639068659374e-28i,2.28966336298501e-30+1.16183294035677e-41i
1.99187757954356e-09-7.17703822310645e-22i,-2.8402355070422e-28+2.52383237969873e-35i,3.66331732691588e-31+1.32722791422219e-38i,5.72474231738992e-30+1.98284440328766e-37i,7.11857696239739e-29-6.30304086108266e-36i,-8.56758593951608e-30+1.38074710373987e-28i,3.04884508686177e-31+4.39190315514203e-42i
-1.34800245710567e-07+1.88131771255399e-21i,-7.75990380832517e-29+6.69186176834411e-36i,-7.0706080514009e-31+3.37053764270038e-39i,-1.13913079366193e-29+5.13251782143403e-38i,1.89680570381697e-29-1.67127454823529e-36i,1.05557528646664e-29+3.42535148829712e-29i,-6.44614522079283e-31-5.81089491373277e-42i
-0.00479887126413563+5.35002760183521e-18i,7.22953837198716e-27-6.5891473539082e-34i,1.15445153495106e-30-3.49995195150021e-37i,7.83520261486485e-30-5.23715487233376e-36i,-1.80830542777589e-27+1.6455679964685e-34i,3.46756436771301e-29-3.81259659871595e-27i,-1.56765439514847e-30-2.14417866373905e-41i
-1.22431398795995e-07+6.16077913408953e-21i,3.70921544632116e-29-3.50596365120975e-36i,-6.71661719245421e-31-1.99010730702207e-39i,-1.07230982419592e-29-2.89214704907713e-38i,-9.64045052532731e-30+8.75534997985339e-37i,1.40477759605157e-29-2.16831805482108e-29i,-4.80531684518729e-31-7.90661705186385e-42i
-5.57491373263464e-07+7.79630411791496e-21i,-1.31115074550705e-29+1.09685774188281e-36i,-1.68339131504696e-30+4.72305638053876e-40i,-3.0829678575533e-29+8.97478474930078e-39i,1.49430289742707e-30-2.73917207647693e-37i,2.22158055381502e-29+5.9307203267402e-30i,-2.89173289720556e-30-4.02086212102326e-43i
-2.66168127193117e-08+8.26711114428148e-21i,1.27984074040105e-30-3.71226013606115e-37i,-8.4285363190073e-31-3.77497372864918e-40i,-1.35423901396813e-29-4.57384982127089e-39i,-7.85049733966358e-31+9.26516467330535e-38i,1.57529984684514e-29-5.07871670162998e-30i,-5.57571685546642e-31-8.92163575942935e-42i
-6.53323092023386e-08+1.59301268845634e-21i,7.91215733901107e-29-7.01549335271263e-36i,-4.93044413802252e-31-3.69579799198555e-39i,-9.12171452175325e-30-5.47727917998187e-38i,-2.03241169112674e-29+1.75206736102099e-36i,8.13090020591086e-30-3.79714198995292e-29i,-9.11067235341551e-31-1.23681074890311e-43i
4.26887926733427e-07+3.92289535002968e-21i,1.47237601383403e-28-1.29469645933661e-35i,1.45742734581143e-30-6.66734084314861e-39i,2.54326573155013e-29-1.01419592573827e-37i,-3.55139794138942e-29+3.23339652557239e-36i,-1.51325622036492e-29-6.97321016886227e-29i,2.07899981810168e-30+1.18379400553637e-42i
-1.24014332414379e-07+1.2410396617389e-21i,6.71971647616596e-29-5.99370179743778e-36i,-8.18366398510356e-31-3.19308702459537e-39i,-1.4951339575006e-29-4.68723949659507e-38i,-1.76403379493737e-29+1.49687981559459e-36i,1.1869606522411e-29-3.27232973804996e-29i,-1.31343455581781e-30-9.59091408753886e-43i
4.6481142098459e-08+5.49621210689385e-21i,-2.39326100528284e-28+2.12322689835126e-35i,5.10533022783508e-31+1.11536154804469e-38i,9.00326663923103e-30+1.66418419260429e-37i,6.02790617750967e-29-5.3025791296626e-36i,-8.97618106220989e-30+1.15595092877433e-28i,6.93015471056914e-31+2.11905953125059e-42i
3.03337924282415e-07+2.71799441189546e-22i,2.74600691331306e-28-2.42363973347105e-35i,7.71302332606926e-31-1.26068530184575e-38i,1.40444237788762e-29-1.89675859826562e-37i,-6.78402148737396e-29+6.05284418837087e-36i,-9.53329666969356e-30-1.30947540960042e-28i,1.27930112856799e-30+7.1490491326794e-43i
-5.28768517568667e-07-2.01707086065402e-21i,-1.38802408983445e-28+1.21746769447332e-35i,-1.71136281672068e-30+6.23810170933085e-39i,-3.11557503000195e-29+9.53775979083739e-38i,3.29077658199917e-29-3.04052345585829e-36i,2.29907216126261e-29+6.54216656898937e-29i,-2.93033216852628e-30-1.68877375185969e-42i
5.85307941903309e-07+1.31962886763248e-21i,-4.28289339379312e-29+4.02061304114693e-36i,1.95477608462415e-30+2.3119600787772e-39i,3.42015188790748e-29+3.23384812713361e-38i,1.24401999329486e-29-1.00408499208337e-36i,-2.87012552081739e-29+2.39538373792747e-29i,2.7389858993067e-30+6.67183023110391e-42i
4.10916588172716e-07-1.51713021730403e-21i,2.74400866405834e-27-2.42877279805669e-34i,1.25314383646969e-30-1.26994610168806e-37i,1.97378949195382e-29-1.90260234271115e-36i,-6.85106155088059e-28+6.06565749406302e-35i,2.21496970204577e-29-1.31789557260506e-27i,1.5901567243453e-30-1.05936554549298e-41i
-2.74334368566016e-07+9.48520537258062e-21i,-3.56495668247794e-29+3.27977711378591e-36i,1.18941858073036e-31+1.79103244784704e-39i,-1.37809066055479e-31+2.67218744129689e-38i,8.55730538910813e-30-8.19060867135889e-37i,1.18515127871235e-30+1.9509534045302e-29i,-6.41936500624406e-31+5.00815096913424e-42i
1.1863513496406e-07-5.29085573001002e-21i,1.73191931758335e-28-1.55190620635603e-35i,1.40212330548487e-31-8.22315861598789e-39i,3.81059412032192e-30-1.23147733794989e-37i,-4.28664091265325e-29+3.87570133843593e-36i,4.76531853931428e-30-8.67809641646764e-29i,8.07202342020789e-31-7.99179732169487e-42i
-2.47491000358521e-07+5.03742465437015e-21i,2.42338647251602e-28-2.1526648442801e-35i,-4.82907013279404e-31-1.13234828664129e-38i,-8.94718031705038e-30-1.68925928976153e-37i,-6.10935336549344e-29+5.3760904406091e-36i,1.17135361782242e-29-1.17525593776159e-28i,-7.89341456385078e-31-3.15922136580093e-42i
-6.68841922982742e-06+9.17730767716512e-21i,1.74203148108303e-28-1.59689401367966e-35i,-2.69101868725756e-30-8.74042428595761e-39i,-4.73386355337058e-29-1.27559384325241e-37i,-4.59596761788258e-29+3.98803044326526e-36i,4.72822067148322e-29-9.25475613736537e-29i,-3.72326610459123e-30-1.33727129235573e-41i
-3.9892870569002e-07+3.46899228761791e-22i,-7.07115532828761e-29+5.76592729984374e-36i,-2.61370008099088e-30+2.62855318569296e-39i,-4.42793378131402e-29+4.25062190667886e-38i,1.56776141849774e-29-1.44008604990952e-36i,4.11613203452463e-29+2.5913047437798e-29i,-3.00543879888368e-30-1.55489777148885e-41i
-4.25425268542681e-07+4.83866303556794e-21i,-1.16252777887571e-28+1.02128018216924e-35i,-1.19824223847166e-30+5.25129678073365e-39i,-2.16784952416603e-29+7.99967538644262e-38i,2.78416158665728e-29-2.55056188352894e-36i,1.52496344479775e-29+5.49613685071219e-29i,-1.9707991538263e-30-1.28724959835247e-42i
-3.8501381871385e-07-3.77483890341562e-22i,-5.70503327694255e-29+5.0521830839558e-36i,-7.79835094099812e-31+2.61306627593682e-39i,-1.52995485779108e-29+4.00583007154606e-38i,1.32116806615463e-29-1.2617237479881e-36i,1.3295952013631e-29+2.78921723044934e-29i,-1.76817336586975e-30+1.42130119782594e-42i
1.11393988996497e-07-8.17776155396898e-21i,-1.44141653073427e-28+1.26963835326656e-35i,1.53745219264401e-31+6.610876738485e-39i,3.39952726107608e-30+9.884104640387e-38i,3.63197233942472e-29-3.17083725853468e-36i,-2.57342711518105e-30+6.79599840729859e-29i,5.1765915613829e-31-2.02058773075053e-42i
-1.95935923343743e-07-1.68814809609353e-21i,2.45291613706985e-28-2.17764804344947e-35i,-3.97998129803779e-31-1.14439809041277e-38i,-6.92267020557163e-30-1.70868417557934e-37i,-6.16424953683584e-29+5.43848467286328e-36i,8.52390636508055e-30-1.18810504382906e-28i,-4.66582619866729e-31-2.86412291379906e-42i
1.80224285510535e-07-6.32184857209851e-22i,-4.76861647025553e-29+4.23442181924432e-36i,6.74355684154537e-31+2.24698103593552e-39i,1.19844510173609e-29+3.29382407120241e-38i,1.25657884158583e-29-1.0575202660519e-36i,-5.97217460759144e-30+2.28516775761115e-29i,1.06845815067336e-30-4.16688905032505e-44i
1.78131769265621e-07+1.1745081943425e-21i,2.29964189201197e-28-2.00595469328809e-35i,9.983158130488e-31-1.02823845159772e-38i,1.59193919408125e-29-1.5520494505463e-37i,-5.69250413771396e-29+5.00977133937238e-36i,-1.48427427909543e-29-1.05321417039688e-28i,7.70387103691723e-31+9.34877279825533e-42i
5.33996283257759e-07+4.47949401098982e-21i,2.8156028845986e-28-2.49877740954615e-35i,9.11130166833842e-31-1.30739622969864e-38i,1.77244771900333e-29-1.96744758050899e-37i,-6.91789668245409e-29+6.24045305586894e-36i,-8.12873122530433e-30-1.36917463385351e-28i,2.04654340559457e-30-4.61945020997664e-42i
5.01845863667277e-07-3.86062102580947e-21i,-2.83443949072806e-28+2.52915417418576e-35i,1.47224607581894e-30+1.34042532551825e-38i,2.64129302898242e-29+1.98912486137885e-37i,7.22638814546004e-29-6.31632478808955e-36i,-2.6630070046478e-29+1.39158008513594e-28i,2.15666850979667e-30+6.94542658084315e-42i
2.46315606005493e-07+4.43336776854004e-21i,-2.81869246619367e-28+2.50326373383522e-35i,7.37279758397594e-31+1.31699472433521e-38i,1.32560969331572e-29+1.96327265069529e-37i,7.11683380047533e-29-6.2516847162821e-36i,-1.2661548262642e-29+1.3654262961549e-28i,1.08551455170267e-30+3.2701246984514e-42i
-1.69286635837845e-08+8.23235755471459e-22i,-2.14989244586948e-28+1.90061928218405e-35i,-1.4295687618886e-32+9.928890871609e-39i,7.90555077899732e-31+1.48617279489509e-37i,5.39271175112865e-29-4.74664742182225e-36i,-5.88072074215607e-30+1.02736640006234e-28i,2.87285745880841e-31-3.86744003182263e-43i
-1.77831893884151e-07+5.92633502923157e-21i,-1.5726796743338e-28+1.36780414622344e-35i,-1.3453158414944e-30+6.96303451296773e-39i,-2.22090393757611e-29+1.05811480973863e-37i,3.839433060037e-29-3.41602260464269e-36i,1.63015754683219e-29+7.15428281927781e-29i,-1.38233686546794e-30-7.33719854807295e-42i
9.6625180287524e-09-7.19166098291653e-21i,-2.53874416164676e-28+2.23840115041379e-35i,-5.888890530143e-31+1.16348412960811e-38i,-1.04128008606381e-29+1.74922147578006e-37i,6.29127864425866e-29-5.59023480688631e-36i,7.6838937728587e-30+1.20560954499416e-28i,-8.59901640967051e-31-1.63694070947318e-42i
1.72495516367302e-07+6.89298841697341e-21i,-9.32619075979125e-30+7.62114902310888e-37i,4.69460768984017e-31+3.79761593126931e-40i,9.09251421825928e-30+5.20634737164685e-39i,2.94211583666202e-30-1.9035828514441e-37i,-4.85402508307022e-30+3.05835989605902e-30i,1.05283400223472e-30-2.98172349141931e-42i
-5.61622141813378e-08-2.06269565131648e-21i,-3.15537443015156e-28+2.79702008426772e-35i,-3.4828751843973e-31+1.46423578858623e-38i,-5.91116875401263e-30+2.19527496327752e-37i,7.85728067817741e-29-6.98530936714364e-36i,-3.18260332836755e-30+1.52394052811025e-28i,-5.69885471211126e-31+2.89131693793851e-42i
3.05513948500868e-07-5.24736692360388e-21i,-3.1492382965349e-28+2.81523739593032e-35i,1.34402552708116e-30+1.49396245317545e-38i,2.35611152998221e-29+2.21985440874717e-37i,7.98888938787684e-29-7.03077045109284e-36i,-2.81491361316661e-29+1.55731719435509e-28i,1.72696156011021e-30+1.00477106052127e-41i
-4.5085315706142e-07-1.804595253048e-21i,-2.47667226064366e-28+2.18164596960344e-35i,-9.8543493010461e-31+1.13121621706551e-38i,-1.74966665512783e-29+1.70526877580862e-37i,6.09803726415338e-29-5.44849217649232e-36i,1.1900704837311e-29+1.17422639370382e-28i,-1.46464282154938e-30-2.07190032349085e-42i
3.0652991793792e-07+1.37338041343272e-21i,-3.1811026474697e-28+2.83640182144404e-35i,1.05532311437948e-30+1.49982253185466e-38i,1.85878929184637e-29+2.23233705451025e-37i,8.04470522714815e-29-7.08364138424363e-36i,-2.25174774908321e-29+1.56089939911441e-28i,1.3646518460425e-30+7.6908825543407e-42i
-1.55589245705995e-07+4.11439595518587e-22i,-3.32576198719009e-28+2.94424362071548e-35i,-2.90903453027217e-31+1.53923335597993e-38i,-5.09888570121821e-30+2.30762472753566e-37i,8.28585864086014e-29-7.35299854793735e-36i,-4.51248712629916e-31+1.5990736592972e-28i,-4.72657146470492e-31+1.43681358867119e-42i
-3.2633667957499e-07+1.98910427964444e-21i,-2.59257615376935e-28+2.26386216664528e-35i,-1.7253163038545e-30+1.15953649300785e-38i,-2.90502799468812e-29+1.75667072304722e-37i,6.35079501447805e-29-5.6538648103232e-36i,2.38290461457503e-29+1.19467522091069e-28i,-1.99216769577856e-30-9.13142045823349e-42i
-2.57811986054818e-07-9.28581593478562e-22i,-2.71658157579814e-28+2.38540784758916e-35i,-1.1774418004463e-30+1.23205416643836e-38i,-2.0340227269851e-29+1.85890204807634e-37i,6.69047167014899e-29-5.95738991381106e-36i,1.69456388973853e-29+1.27418257644732e-28i,-1.58507544778446e-30-5.03581205886466e-42i
6.28906964970921e-07+9.86476876810422e-22i,-3.1929047055449e-28+2.85516460781212e-35i,2.43426540792858e-30+1.51991655287259e-38i,4.42765180739128e-29+2.24598267275936e-37i,8.22842164395865e-29-7.13050205716605e-36i,-4.55409600689969e-29+1.57488988154494e-28i,3.84268805075877e-30+9.02515124709871e-42i
1.76102491351512e-07-3.68843410412636e-21i,-2.10485416536024e-28+1.90680048727086e-35i,1.67352818309977e-30+1.02922831644091e-38i,2.75151439756933e-29+1.52023477758637e-37i,5.36950098045222e-29-4.76198492215919e-36i,-3.01827339549223e-29+1.08506755420657e-28i,1.49128952323504e-30+1.55618026587827e-41i
-5.39270752948628e-08-1.85575748690128e-22i,-3.08959441661624e-28+2.74769852746155e-35i,9.08899397736933e-32+1.44529301839947e-38i,1.57692367390396e-30+2.1615367291702e-37i,7.72782331265189e-29-6.86211657607852e-36i,-1.0771485000592e-29+1.50694123872508e-28i,-2.72727822937329e-32+5.99875108233363e-42i
-5.51379630394505e-07-1.11742428673487e-21i,-3.03789952878474e-28+2.65179274607958e-35i,-2.50497625220661e-30+1.3557931949227e-38i,-4.34673730185595e-29+2.05979436199093e-37i,7.38055118927055e-29-6.62269314886714e-36i,3.57419914655247e-29+1.4008621106289e-28i,-3.27071302165777e-30-1.02524062066829e-41i
-5.39969958312375e-07-6.8629314287965e-22i,-2.2062452497972e-28+1.91833179780362e-35i,-1.96417236568893e-30+9.75692158455612e-39i,-3.36590673875413e-29+1.48462557533435e-37i,5.35684356571296e-29-4.79093467359738e-36i,2.99860130795047e-29+1.00390577264446e-28i,-2.38825714837287e-30-1.01281143428662e-41i
-6.59811880757144e-08-1.15060526561801e-21i,-3.27954254341448e-28+2.9087884393432e-35i,-2.16248683563803e-33+1.5248985784011e-38i,-6.86724628494026e-31+2.28309897219133e-37i,8.18282975748783e-29-7.26444095539595e-36i,-2.65750281613476e-30+1.58614223173863e-28i,-2.94232136333348e-31+3.45525416137638e-42i
-3.6448080171364e-07-3.03519596057285e-21i,-2.99174038586331e-28+2.64552519097016e-35i,-1.25580818830355e-30+1.37753357318465e-38i,-2.24484357237392e-29+2.07615556178929e-37i,7.35483472210016e-29-6.60696575727372e-36i,1.13133753457916e-29+1.43742579003787e-28i,-2.04467081053118e-30+1.35532869362298e-42i
-4.44402292642393e-07+8.3101491036427e-22i,-3.53628319285205e-28+3.08809881647681e-35i,-2.12196781280469e-30+1.58257031947928e-38i,-3.63693088865952e-29+2.39578231979172e-37i,8.66726581062245e-29-7.71235079260987e-36i,3.41016820221727e-29+1.62953641084939e-28i,-2.64073598568766e-30-1.22855136126213e-41i
-5.72240299027971e-07+2.19505742482993e-21i,-3.11402765944399e-28+2.72167468343703e-35i,-2.35397100195079e-30+1.39437840527237e-38i,-4.11791043959397e-29+2.11599254279401e-37i,7.57544404191014e-29-6.79721105859187e-36i,3.43027959203687e-29+1.44168177649341e-28i,-3.26076622224402e-30-9.11740328010921e-42i
2.37521966128459e-07+6.65094783986461e-21i,-1.80666262910376e-28+1.62136408705269e-35i,1.04001029365987e-30+8.65080502988877e-39i,1.77217378768345e-29+1.28233860477631e-37i,4.59645508333733e-29-4.04917960134196e-36i,-2.00777026957864e-29+9.04211824752704e-29i,1.1771021236078e-30+7.90206287048879e-42i
-1.2025598635293e-07-1.29123527440715e-20i,-2.91129577004284e-28+2.56469423365065e-35i,-8.05008283801557e-31+1.33128054594463e-38i,-1.36809562153431e-29+2.00282629663502e-37i,7.212032184362e-29-6.40513182305053e-36i,1.04177099143224e-29+1.37872935440626e-28i,-1.07391634712417e-30-2.70711891717548e-42i
-6.43816502471362e-08+7.7613232008063e-22i,-3.00436544707129e-28+2.66953986234657e-35i,3.10381848957207e-31+1.40364675283483e-38i,5.69189802625242e-30+2.09701511563887e-37i,7.53995176206974e-29-6.66693293451463e-36i,-1.23971017140625e-29+1.45995487178996e-28i,3.87236356920004e-31+4.44109236708724e-42i
7.29043797831341e-08+6.80313479419506e-21i,-1.97707785243024e-28+1.77635350805212e-35i,8.88266878960731e-31+9.4807371401316e-39i,1.49591539270822e-29+1.40770670079964e-37i,5.00491315264107e-29-4.43623813368093e-36i,-2.14616180777129e-29+9.94370871004426e-29i,8.26340683422329e-31+9.65029404040676e-42i
3.05614180175391e-07-1.4849891325697e-23i,-8.49070575871456e-29+7.83433158130742e-36i,1.44940510117744e-30+4.34039003646318e-39i,2.44755797809014e-29+6.31823451876802e-38i,2.23128761261524e-29-1.9564948181507e-36i,-2.70549956898852e-29+4.60647971918058e-29i,1.62419143457936e-30+1.07372864197381e-41i
1.11055528492082e-07+2.95081876027163e-21i,-2.98013641949137e-28+2.6411276222987e-35i,2.50107906446582e-31+1.38443595017355e-38i,4.72606817227929e-30+2.06964391380506e-37i,7.4777637982986e-29-6.59599332357226e-36i,-8.20603992234975e-30+1.43573398911222e-28i,4.38085390519133e-31+2.01007684380228e-42i
-1.06393707455243e-07-4.94815286968355e-21i,2.3537051287683e-27-2.08413963176421e-34i,2.55556451398086e-31-1.09055712619884e-37i,8.40658608126325e-31-1.63277682637248e-36i,-5.8874598220165e-28+5.20496456114955e-35i,3.63433798188604e-29-1.13148603194372e-27i,-4.02393439920081e-31-1.15003617839627e-41i
2.67966967285732e-07-4.87566834219099e-21i,2.91584531024702e-28-2.5593809333107e-35i,9.42060816277189e-31-1.32264868018994e-38i,1.54280326274359e-29-1.99163913644349e-37i,-7.22786364370886e-29+6.39188640207159e-36i,-1.06502282503137e-29-1.3638287452585e-28i,8.61599224810081e-31+6.19888605930416e-42i
-1.28936119749706e-08-2.77772470053433e-21i,1.36990489405395e-28-1.19506484753317e-35i,7.232510576962e-31-6.12084431975698e-39i,1.21795938228583e-29-9.25658230592594e-38i,-3.37006197391211e-29+2.98461121634807e-36i,-1.25761169356755e-29-6.28493907049556e-29i,8.17823716332e-31+5.34945246594547e-42i
-6.49059836432819e-08+2.63399125828088e-22i,-2.97971379526598e-28+2.6364967846233e-35i,-8.0250433608599e-31+1.37550746945567e-38i,-1.43727808995859e-29+2.06812932270541e-37i,7.36839418776388e-29-6.58442087233826e-36i,6.06296415179553e-30+1.43262331830059e-28i,-1.33267512687598e-30+1.63123284122503e-42i
-1.64419766074744e-07+1.48783072024197e-21i,1.29046377449923e-28-1.18865846075425e-35i,-2.21071959044919e-30-6.57299685863748e-39i,-3.74047312127427e-29-9.56996571402694e-38i,-3.3930949524993e-29+2.96848560998483e-36i,3.91328535364342e-29-6.96324146105932e-29i,-2.49554309370931e-30-1.56298915353882e-41i
-1.40898255951427e-07-1.12178341301433e-20i,2.258028729083e-26-1.9986022517164e-33i,5.87402198886296e-30-1.04518449251655e-36i,7.20195961704453e-29-1.56532126931776e-35i,-5.64428967424147e-27+4.99134350317384e-34i,2.65862343805856e-28-1.08416823306616e-26i,2.16745876477908e-30-7.59168807484785e-41i
-2.35586722121747e-07+2.83256276145779e-22i,-1.39545685851066e-28+1.24492250302339e-35i,-3.81942615994673e-31+6.5550548015488e-39i,-7.66561282225805e-30+9.84917797582344e-38i,3.43186282465111e-29-3.10905638782543e-36i,-1.95537725996665e-31+6.90236751107259e-29i,-1.00474734521532e-30+4.64708965082078e-42i
-1.86809571770083e-07+6.71886712421838e-21i,1.27670590230236e-29-9.67381324441127e-37i,-3.41770370080849e-32-4.12215335088608e-40i,-2.21640032351812e-30-6.21116456226158e-39i,-3.5636703128459e-30+2.41643219011723e-37i,-2.34737060395309e-30-3.02187552566635e-30i,-6.86907701585674e-31+6.34375210205608e-42i
-2.74696319215589e-08+5.05324111893111e-21i,1.51368264462056e-28-1.35120726804554e-35i,-4.91829896757445e-31-7.15358501712513e-39i,-9.10118361465459e-30-1.06436497043721e-37i,-3.83610485284746e-29+3.37450737514819e-36i,1.33942017178642e-29-7.4524418416235e-29i,-7.89924673322787e-31-4.04628042790848e-42i
-2.75085787735524e-07+7.56693068172047e-21i,-1.43462965696461e-28+1.2504012772829e-35i,-1.23780694651827e-30+6.38081343323521e-39i,-2.12680957917975e-29+9.69932654367568e-38i,3.48434676096676e-29-3.12280561576489e-36i,1.61744780154397e-29+6.58182914815325e-29i,-1.57818875295334e-30-5.44278592736844e-42i
0.0249840320705716-2.78387154263094e-17i,-3.76662377359699e-26+3.42788338867372e-33i,-1.37316424261918e-29+1.81894047690345e-36i,-1.83994696126269e-28+2.7227834844008e-35i,9.41282420383042e-27-8.56077037716661e-34i,-5.49085544600824e-29+1.97748472745037e-26i,-5.68861592129879e-30+1.05211675451191e-40i
-3.23627122472865e-07-2.60768610752751e-22i,-1.17725983518348e-28+1.03551983778388e-35i,-7.45012329906596e-31+5.3497750012236e-39i,-1.35215222703193e-29+8.09794999089248e-38i,2.86606353896636e-29-2.58612991448869e-36i,1.0211224114919e-29+5.56854229305904e-29i,-1.24034633549263e-30-1.14849905976773e-42i
-1.91610208546966e-07+4.26712070836644e-21i,-1.32698977173003e-28+1.13414571290084e-35i,-1.77215158158247e-30+5.62805743603606e-39i,-2.94283426053939e-29+8.64538306173927e-38i,3.19393870347022e-29-2.832518811591e-36i,2.93684240529125e-29+5.69451215229998e-29i,-1.80701694364526e-30-1.29388787326969e-41i
-1.75911730947512e-07+2.12890713792647e-21i,6.96035665757868e-29-6.32261667718735e-36i,-7.83002046336773e-31-3.43347461810806e-39i,-1.4073755491346e-29-5.03730761390578e-38i,-1.81454562634841e-29+1.57899088553365e-36i,1.82484873005465e-29-3.60298119854315e-29i,-1.0961036737252e-30-5.33052183824059e-42i
2.90704255806462e-10-3.56714330903738e-21i,3.04259368239272e-28-2.68749049997842e-35i,7.05167447502482e-32-1.40226039768151e-38i,-4.35836486237329e-32-2.10001516384047e-37i,-7.62431507512094e-29+6.71180191288906e-36i,3.97396371459054e-30-1.45005418034322e-28i,-3.13336954658419e-31+1.16925560714801e-42i
1.18319411974641e-07+2.29091606765885e-21i,1.72300373406691e-28-1.51540163600011e-35i,6.60943167722183e-31-7.84443187002696e-39i,1.1620504831523e-29-1.18256309483614e-37i,-4.2459066213182e-29+3.78460540906077e-36i,-9.68441274356099e-30-8.12456424119487e-29i,9.95634932618816e-31+2.33988589392125e-42i
-3.47280482496104e-09+4.80000303916097e-21i,-3.77535836541504e-28+3.35132227556302e-35i,-3.3973360835134e-32+1.75859088129869e-38i,-7.94375498238567e-31+2.63239931824799e-37i,9.42755387477766e-29-8.36962325876208e-36i,-8.27879189484952e-30+1.83072564872966e-28i,-2.37613310857373e-31+5.05719307391911e-42i
9.82974742470832e-08-6.3562254465568e-21i,-6.61188803010013e-29+5.74342332511385e-36i,-2.89696112279508e-31+2.92850432016033e-39i,-4.56553001463297e-30+4.42490852990063e-38i,1.63841920078685e-29-1.43439813991746e-36i,6.93628323148107e-30+2.98370393792401e-29i,-1.6357323993476e-31-3.53320312628384e-42i
1.73479940539581e-07-7.02897237056871e-21i,-2.19329472478278e-28+1.96270717071428e-35i,1.36032430599268e-30+1.04434658285529e-38i,2.41752286988378e-29+1.5469313266157e-37i,5.60902436427252e-29-4.90166479832132e-36i,-2.6109391203374e-29+1.08628427899786e-28i,1.94488664870867e-30+7.30449793699632e-42i
-3.70019884191974e-07-3.46273771135988e-21i,-1.12794702387678e-30-3.79327374976281e-37i,-2.49494821165011e-30-5.74689043865321e-40i,-4.30677311502801e-29-5.5165589376169e-39i,-1.78692187072675e-30+9.46460227988603e-38i,4.43078307003789e-29-7.22797228932857e-30i,-3.13725748775245e-30-1.51723238751347e-41i
8.69801125812086e-08+2.2216296451569e-21i,-1.49490374448206e-28+1.3272355904167e-35i,-6.67232603516029e-32+6.96482829754167e-39i,-8.25821330852737e-31+1.04269262041326e-37i,3.73641840182885e-29-3.31464984738005e-36i,-4.91519952239259e-30+7.25227994774725e-29i,-4.62293738802471e-32+1.98205052202498e-42i
1.64066567461159e-07+1.83222132908412e-21i,-8.59448054863772e-29+7.75344938067274e-36i,6.70896996237638e-31+4.16672193832256e-39i,1.13520714055908e-29+6.15588042934535e-38i,2.19826865970047e-29-1.93633063332282e-36i,-1.22191885796732e-29+4.36945112949872e-29i,7.14653656001036e-31+5.12397891185676e-42i
