-1.82062091625515-0.139139285904549i,-6.79392863434566e-12-5.19219323295786e-13i,-6.79392863630205e-12-5.19219324315852e-13i,-6.79392863641898e-12-5.19219324437634e-13i,-6.79392863690122e-12-5.19219324847795e-13i,-6.79392943186912e-12-5.1921938530647e-13i,-6.79392765671291e-12-5.19219249997792e-13i
-1.1960913497666e-06-9.14225855801585e-08i,-2.93577468585309e-15-2.24407044542674e-16i,-2.93577601613059e-15-2.24407318932641e-16i,-2.93577649287349e-15-2.24407375128045e-16i,-2.93577567090753e-15-2.24407384873197e-16i,-2.93665929215568e-15-2.24474874273545e-16i,-2.93469107910032e-15-2.24324525816358e-16i
1.72029741784758e-07+1.37702154715422e-08i,4.35787841250498e-16+3.46579854266737e-17i,4.35788526139708e-16+3.46584873632825e-17i,4.35788428755555e-16+3.46585404457578e-17i,4.35789002564283e-16+3.46587747738363e-17i,4.35945039814608e-16+3.46709069508962e-17i,4.35595835703493e-16+3.46432943508024e-17i
-0.00479298157269395-0.000368174539103504i,8.77593094466547e-14+6.7412030189766e-15i,8.77593079899894e-14+6.74120266781872e-15i,8.77593075150275e-14+6.74120260246399e-15i,8.77593082768024e-14+6.74120256032523e-15i,8.77583828718803e-14+6.74113154766756e-15i,8.77604449384648e-14+6.74128985086715e-15i
0.0542744489756488+0.00414884781334857i,1.02452716149934e-13+7.82505257564634e-15i,1.02452718446191e-13+7.82505378472047e-15i,1.02452718572167e-13+7.82505392900327e-15i,1.02452719178977e-13+7.82505441807324e-15i,1.02453635374831e-13+7.82512419727203e-15i,1.02451588146853e-13+7.82496825929969e-15i
6.30559101281261e-07+4.82443349335115e-08i,1.53318128213067e-15+1.17417089781923e-16i,1.53318231772158e-15+1.1741760518157e-16i,1.53318240209062e-15+1.17417668764598e-16i,1.53318259668758e-15+1.17417869967059e-16i,1.53362013991823e-15+1.17451247096374e-16i,1.53264407426951e-15+1.1737686798616e-16i
1.2338387781624e-07+8.60554911051633e-09i,2.92812464452415e-16+2.06506905569249e-17i,2.92813364875929e-16+2.06515231021449e-17i,2.92813074767359e-16+2.06516018576048e-17i,2.92814299757047e-16+2.06520270789047e-17i,2.92878604378411e-16+2.0656264384804e-17i,2.92731657389135e-16+2.06471021785076e-17i
0.132035847150804+0.0101118614275627i,4.00013507587395e-13+3.06684184862645e-14i,4.00013512373504e-13+3.06684222161177e-14i,4.00013511479137e-13+3.06684225984859e-14i,4.00013516109487e-13+3.06684243886081e-14i,4.00014413330045e-13+3.06684920275437e-14i,4.00012392857222e-13+3.06683388973728e-14i
9.63124476448186e-07+7.52017923744404e-08i,2.38130997816856e-15+1.856178209896e-16i,2.38131235193383e-15+1.856192529861e-16i,2.38131230835936e-15+1.85619416223904e-16i,2.38131344386224e-15+1.8562003438324e-16i,2.38210864525117e-15+1.85681590801159e-16i,2.38033156836478e-15+1.85543573039726e-16i
1.4339173017624e-07+7.53956591594501e-09i,3.61592521367329e-16+1.98249436433163e-17i,3.61592630107719e-16+1.98249076038623e-17i,3.61592724418065e-16+1.98249053627652e-17i,3.61592495636634e-16+1.98248780899348e-17i,3.6171429947357e-16+1.9831979610358e-17i,3.61443717906873e-16+1.98176227631849e-17i
-0.115946411290572-0.00887189976133828i,-3.37345895034975e-13-2.58241814347724e-14i,-3.37345898976188e-13-2.58241843149661e-14i,-3.37345898425807e-13-2.58241846151488e-14i,-3.37345901694154e-13-2.58241859712357e-14i,-3.37346804085489e-13-2.58242544786684e-14i,-3.37344776082985e-13-2.58241008680026e-14i
-0.06101477019689-0.0046023488643926i,-1.34785976126173e-13-1.01629199165709e-14i,-1.34785979836358e-13-1.01629225596902e-14i,-1.34785979385422e-13-1.01629228364574e-14i,-1.34785982270415e-13-1.0162924074149e-14i,-1.34786891231284e-13-1.01629924334943e-14i,-1.3478485159192e-13-1.0162840380595e-14i
-0.0847860854478724-0.00650635955261735i,-2.18260143637765e-13-1.6758628257707e-14i,-2.18260146088553e-13-1.67586296249609e-14i,-2.18260146149341e-13-1.67586297844052e-14i,-2.18260147011565e-13-1.67586303543013e-14i,-2.18261059358952e-13-1.67587000074254e-14i,-2.18259018409025e-13-1.67585439693065e-14i
0.0159949110212185+0.00120873589407474i,-4.50769896487136e-14-3.40553731690363e-15i,-4.50769893755624e-14-3.40553816297819e-15i,-4.50769884196391e-14-3.40553821077505e-15i,-4.50769910824924e-14-3.4055387849614e-15i,-4.50760594825089e-14-3.40546808734257e-15i,-4.50781268818971e-14-3.40562473443422e-15i
0.0359144101076954+0.00275396114001479i,2.46614062150517e-14+1.89454717735801e-15i,2.46614075668155e-14+1.89454742753276e-15i,2.46614080815534e-14+1.89454748230353e-15i,2.46614071580677e-14+1.8945474744681e-15i,2.46623299867685e-14+1.89461820868837e-15i,2.46602723422854e-14+1.894460517268e-15i
-0.044973569644917-0.00349527916733899i,-6.90994256550424e-14-5.37311223507456e-15i,-6.9099428311737e-14-5.3731137984118e-15i,-6.90994282959941e-14-5.37311398004516e-15i,-6.90994294712373e-14-5.37311464281876e-15i,-6.91003450460363e-14-5.3731850627076e-15i,-6.90982965977958e-14-5.37302614253766e-15i
-3.80237995182521e-07-2.99335825609395e-08i,-9.27089698217195e-16-7.2760306469224e-17i,-9.27089833634934e-16-7.27601267544826e-17i,-9.27090078316678e-16-7.27601203924982e-17i,-9.27089425267795e-16-7.27599846158385e-17i,-9.27349546332305e-16-7.27803340973515e-17i,-9.26771405846134e-16-7.27343987612089e-17i
-3.67587358113204e-07-2.50980283295383e-08i,-8.96626458640428e-16-6.19111878100496e-17i,-8.96626590076211e-16-6.19109960806767e-17i,-8.96626848752194e-16-6.19109834642511e-17i,-8.96626151107071e-16-6.19108552083304e-17i,-8.96900162663622e-16-6.19300123958591e-17i,-8.96291469318361e-16-6.18890913096277e-17i
-0.0119148967514397-0.000901000939618536i,6.3892992210857e-14+4.83333101168441e-15i,6.3892991351e-14+4.83333126340929e-15i,6.38929906343397e-14+4.83333125594564e-15i,6.38929923532915e-14+4.83333152223954e-15i,6.3892064961687e-14+4.83326119763537e-15i,6.38941285397834e-14+4.83341732445639e-15i
2.17653936522729e-07+1.68270905603621e-08i,5.38753925943614e-16+4.18084691320439e-17i,5.38754667816055e-16+4.18089832369872e-17i,5.38754592636526e-16+4.18090375624854e-17i,5.38755126125735e-16+4.18092762860402e-17i,5.38952015371466e-16+4.18245050337458e-17i,5.38513077781301e-16+4.17910724654647e-17i
0.00331557458347859+0.000254920327435011i,-9.30068482324914e-14-7.15041562498798e-15i,-9.30068462975278e-14-7.1504147880195e-15i,-9.30068460178897e-14-7.15041467733489e-15i,-9.3006846008584e-14-7.15041438288445e-15i,-9.3005922168263e-14-7.15034355598329e-15i,-9.30079822584253e-14-7.15050160827184e-15i
4.89282497109184e-07+4.04646366415673e-08i,1.18961501024735e-15+9.80168613473648e-17i,1.18961477445937e-15+9.80162346157678e-17i,1.18961524138514e-15+9.80161891725588e-17i,1.18961378474456e-15+9.80158102121127e-17i,1.18993889771852e-15+9.80429675588997e-17i,1.18922008859047e-15+9.79821803109383e-17i
0.0277111126242603+0.00210865217823546i,-9.29046272617291e-16-7.36070718525376e-17i,-9.29043303921086e-16-7.36051848268098e-17i,-9.29043448849705e-16-7.36049772245829e-17i,-9.29041767692073e-16-7.36041358770921e-17i,-9.28126715761294e-16-7.35348316899161e-17i,-9.30175657512664e-16-7.36897027718649e-17i
-9.83113577212154e-07-7.39752320936487e-08i,-2.4203804598749e-15-1.82412726326944e-16i,-2.42038262796801e-15-1.82414022756131e-16i,-2.42038259898247e-15-1.82414168549937e-16i,-2.42038360367161e-15-1.82414733303706e-16i,-2.42112081452716e-15-1.82470148009001e-16i,-2.41947404836446e-15-1.82347152801413e-16i
2.48834179917706e-07+1.53816906359988e-08i,6.0310521633379e-16+3.7743378180016e-17i,6.03105546808297e-16+3.77434730887143e-17i,6.03105636700999e-16+3.77434864824465e-17i,6.03105515084904e-16+3.77435138733914e-17i,6.03299538818179e-16+3.77559493469525e-17i,6.02865945659409e-16+3.77294207520939e-17i
6.51913141512447e-08+3.95983601186864e-09i,1.58496062190972e-16+9.63968392738086e-18i,1.5849628659758e-16+9.63984545080754e-18i,1.58496256316686e-16+9.63986219288713e-18i,1.58496440037236e-16+9.63993942856493e-18i,1.58549307423836e-16+9.64317998949407e-18i,1.58431723193529e-16+9.63605682891016e-18i
1.09055356760193e-06+8.46575611833206e-08i,2.69746955924229e-15+2.09160520073451e-16i,2.69747163688553e-15+2.09161556467588e-16i,2.69747180545302e-15+2.09161684855575e-16i,2.69747219794237e-15+2.09162087516516e-16i,2.69834891278163e-15+2.09229821536439e-16i,2.69639237556243e-15+2.09078429695638e-16i
4.24731700838824e-07+3.02280472507704e-08i,1.05230174351538e-15+7.5172546973053e-17i,1.05230229443086e-15+7.51726993863967e-17i,1.05230245401344e-15+7.5172723830861e-17i,1.05230222394406e-15+7.51727577508284e-17i,1.0526354528887e-15+7.51966596876845e-17i,1.05189331477292e-15+7.51439852747734e-17i
-3.39602961829443e-07-2.38143531169693e-08i,-8.33447255844767e-16-5.87590222468677e-17i,-8.334482412704e-16-5.87596739967257e-17i,-8.33448167487983e-16-5.8759743154028e-17i,-8.33448799345005e-16-5.87600428321419e-17i,-8.33728880420581e-16-5.87797979306698e-17i,-8.33098999651381e-16-5.87358503490106e-17i
-1.64410083163274e-07-1.34996519988503e-08i,-3.96273807550551e-16-3.26497898719247e-17i,-3.96274405146313e-16-3.2650239861896e-17i,-3.96274311295425e-16-3.26502862327741e-17i,-3.9627483747632e-16-3.26504999230837e-17i,-3.96403133108341e-16-3.26609856025837e-17i,-3.96115026603404e-16-3.26376809511045e-17i
5.62926546443497e-08+4.21492431808969e-09i,1.38235297269233e-16+1.03483430954501e-17i,1.38235726906051e-16+1.03487338461647e-17i,1.38235592854709e-16+1.03487718432542e-17i,1.38236164897262e-16+1.03489683294846e-17i,1.38269744352236e-16+1.03513924429989e-17i,1.38192667063686e-16+1.03458096046619e-17i
-7.51935588951322e-07-5.57115514821541e-08i,-1.86274690941904e-15-1.38278621769463e-16i,-1.86274829185632e-15-1.38279249963977e-16i,-1.86274846072255e-15-1.38279329642177e-16i,-1.86274855643966e-15-1.3827956376758e-16i,-1.86338172637728e-15-1.38326596195964e-16i,-1.86196907928186e-15-1.3822206327687e-16i
-3.07183308474621e-07-2.36673756522415e-08i,-7.60135344492121e-16-5.84426671620876e-17i,-7.60136218911053e-16-5.84432719392266e-17i,-7.60136129207353e-16-5.84433368645951e-17i,-7.6013676138801e-16-5.84436147231047e-17i,-7.60365393501965e-16-5.84610498409357e-17i,-7.59853271183456e-16-5.84217526614458e-17i
-5.61579721598145e-07-4.0547748592362e-08i,-1.3960125111492e-15-1.01184690902447e-16i,-1.39601339610278e-15-1.01185036138165e-16i,-1.39601355924349e-15-1.01185082253007e-16i,-1.39601346048678e-15-1.01185199396122e-16i,-1.39646686688926e-15-1.01218138069996e-16i,-1.39545547404876e-15-1.01145279156076e-16i
0.0078910319639796+0.000598744058792411i,-7.478942653418e-14-5.67412196817857e-15i,-7.47894247441453e-14-5.67412127783626e-15i,-7.4789424405232e-14-5.67412118192279e-15i,-7.47894246297777e-14-5.67412096001645e-15i,-7.47885001714867e-14-5.6740508533462e-15i,-7.47905614190761e-14-5.67420683531119e-15i
4.78318442096307e-07+3.56949242881918e-08i,1.16511624893077e-15+8.72266228492015e-17i,1.16511707499067e-15+8.72270183563004e-17i,1.1651171590278e-15+8.72270665616119e-17i,1.16511726512193e-15+8.7227221182534e-17i,1.16548222558209e-15+8.72545478825546e-17i,1.16466896166154e-15+8.71943761984461e-17i
-5.6780053297968e-07-4.50955762585728e-08i,-1.40110732350777e-15-1.10885170832519e-16i,-1.40110844998698e-15-1.1088577163255e-16i,-1.40110850394879e-15-1.10885844937834e-16i,-1.40110882604841e-15-1.10886084785933e-16i,-1.40155023235335e-15-1.1092079918193e-16i,-1.4005638539864e-15-1.10842527912714e-16i
6.28937712236261e-07+4.89635281085064e-08i,1.5435374568444e-15+1.19895124731326e-16i,1.54353877864185e-15+1.19895894052332e-16i,1.54353877951307e-15+1.19895983637586e-16i,1.54353933870836e-15+1.19896308424103e-16i,1.54400301506245e-15+1.19932114880596e-16i,1.54296612470002e-15+1.19851475047163e-16i
-0.00145588186020064-0.000114620833125105i,9.77240579197087e-14+7.69426028868178e-15i,9.77240556777543e-14+7.69425914202803e-15i,9.77240555224393e-14+7.69425900026292e-15i,9.77240550209614e-14+7.69425855207342e-15i,9.7723133580714e-14+7.6941865657241e-15i,9.77251912447447e-14+7.69434839945237e-15i
-1.0109080128843e-06-7.77869119581013e-08i,-2.48114912507373e-15-1.90943042936998e-16i,-2.48115113912046e-15-1.90944138463109e-16i,-2.48115121718946e-15-1.90944267901405e-16i,-2.48115184561696e-15-1.9094471911825e-16i,-2.48192691700324e-15-1.91004120006732e-16i,-2.48019549415282e-15-1.90871480987002e-16i
5.56337501658407e-07+4.33281867515853e-08i,1.35643925004948e-15+1.05689852543706e-16i,1.3564398315034e-15+1.05689976553622e-16i,1.35644003733739e-15+1.05690001795428e-16i,1.35643968589299e-15+1.05690007406767e-16i,1.35682284203838e-15+1.05719830262243e-16i,1.35596856267066e-15+1.05653175726534e-16i
-6.60218224383801e-07-4.78187529684738e-08i,-1.61865398370816e-15-1.17701191554094e-16i,-1.61865477851854e-15-1.17701390007012e-16i,-1.61865503123474e-15-1.17701423278006e-16i,-1.61865463264949e-15-1.17701458749947e-16i,-1.61915595520497e-15-1.17737983768269e-16i,-1.61803948699571e-15-1.17657542077445e-16i
6.49880005795179e-09+2.20165884498406e-10i,1.37672705923957e-17+4.40675302007867e-19i,1.37666285210194e-17+4.4005890787373e-19i,1.37668583403637e-17+4.39999953121098e-19i,1.37659175786038e-17+4.39685798158608e-19i,1.37412192763894e-17+4.37786927596664e-19i,1.37996082946943e-17+4.42458627826682e-19i
0.0240146505234708+0.00180454222538882i,-1.11535136440127e-14-8.39675997922922e-16i,-1.11535112395369e-14-8.39674676294365e-16i,-1.11535111557809e-14-8.39674524456834e-16i,-1.11535103800525e-14-8.39673968132292e-16i,-1.11525911328397e-14-8.39604711817167e-16i,-1.11546448477804e-14-8.39757844325386e-16i
2.0151601992807e-07+1.06788118830982e-08i,4.88619117454621e-16+2.66246679985203e-17i,4.88619608893346e-16+2.66249668562024e-17i,4.88619598391908e-16+2.66249957245465e-17i,4.88619835770865e-16+2.66251399374433e-17i,4.88785027512456e-16+2.66346803399268e-17i,4.88415368534115e-16+2.66153526769558e-17i
-6.5078283686739e-07-4.8929858317165e-08i,-1.59628822145701e-15-1.20258787594426e-16i,-1.59628997511693e-15-1.20259940636793e-16i,-1.5962898531221e-15-1.20260065095446e-16i,-1.59629095146842e-15-1.20260588716361e-16i,-1.59680071453525e-15-1.202988154186e-16i,-1.59565939452212e-15-1.20213682652241e-16i
1.88806725707566e-07+1.10458112424552e-08i,4.61243109576379e-16+2.75124573379473e-17i,4.61243043896491e-16+2.75122359641547e-17i,4.61243216887932e-16+2.75122169249519e-17i,4.61242685412298e-16+2.75120917840226e-17i,4.61370699987087e-16+2.75196648589015e-17i,4.61086014301421e-16+2.75040486090898e-17i
-0.000653008160729083-4.96201563630312e-05i,1.01287074806604e-13+7.69655315225893e-15i,1.01287072759315e-13+7.69655220436114e-15i,1.01287072525919e-13+7.69655208340149e-15i,1.01287072335095e-13+7.69655173127015e-15i,1.01286150091562e-13+7.69648188719592e-15i,1.0128820815032e-13+7.69663786937581e-15i
7.5064825021686e-07+5.98474132950788e-08i,1.84490741151453e-15+1.4663973517648e-16i,1.84490917564325e-15+1.46640797023852e-16i,1.84490914646301e-15+1.46640919204519e-16i,1.84490998143949e-15+1.46641373974617e-16i,1.84550357738599e-15+1.46688140119755e-16i,1.84417728601468e-15+1.46582738007713e-16i
-0.0147089594069622-0.00111667162323327i,4.31662025477765e-14+3.27570653685444e-15i,4.31662007472019e-14+3.27570583658432e-15i,4.31662004135955e-14+3.27570573938645e-15i,4.31662006187041e-14+3.27570551369743e-15i,4.31652780265472e-14+3.27563554733109e-15i,4.31673363820373e-14+3.2757914281641e-15i
8.90632850266096e-07+6.9011530966145e-08i,2.18781458260211e-15+1.69259142168057e-16i,2.18781621248852e-15+1.69259936376311e-16i,2.1878163616502e-15+1.69260036147364e-16i,2.18781662011525e-15+1.69260338927094e-16i,2.18851844986492e-15+1.69314359231453e-16i,2.18695155336127e-15+1.6919315128015e-16i
1.01009997645863e-06+7.73501434365483e-08i,2.4826227642496e-15+1.90042698645479e-16i,2.4826243689148e-15+1.90043399345625e-16i,2.48262459221554e-15+1.90043491705723e-16i,2.48262462435458e-15+1.90043739695263e-16i,2.48338232485394e-15+1.90101603018929e-16i,2.48169149735522e-15+1.89972386346823e-16i
-1.08373635984742e-06-8.10507722880606e-08i,-2.6690146609302e-15-1.99934929594022e-16i,-2.66901601163883e-15-1.99935275197423e-16i,-2.66901643135618e-15-1.99935335737829e-16i,-2.66901578473719e-15-1.99935392598076e-16i,-2.66985653418294e-15-1.99998364473455e-16i,-2.66798345328128e-15-1.99858508691259e-16i
-1.93239414391291e-07-1.71807636127007e-08i,-4.81090111031427e-16-4.23044065303537e-17i,-4.81090590621788e-16-4.23046741034435e-17i,-4.81090602361227e-16-4.23047074852119e-17i,-4.81090772395442e-16-4.23048126934224e-17i,-4.81268338382424e-16-4.2319907074339e-17i,-4.80871228937482e-16-4.22853030368038e-17i
1.04236930672157e-06+7.90155942913006e-08i,2.56674804499391e-15+1.94703146829785e-16i,2.56675000260455e-15+1.94704134712495e-16i,2.56675014861218e-15+1.94704255365641e-16i,2.56675055540253e-15+1.9470464557335e-16i,2.56756483281374e-15+1.94766266868227e-16i,2.56574656928835e-15+1.9462890943185e-16i
-8.74082412369147e-07-6.47448666292246e-08i,-2.15152788586679e-15-1.59601818314401e-16i,-2.15152937404718e-15-1.59602500594493e-16i,-2.15152954979621e-15-1.59602586603786e-16i,-2.15152967014426e-15-1.59602842782046e-16i,-2.15220563258529e-15-1.59652892411892e-16i,-2.15069685423301e-15-1.59541623952103e-16i
-2.2461912837708e-07-1.67323461346802e-08i,-5.54322878068505e-16-4.13577033410977e-17i,-5.54323169548779e-16-4.13577957817659e-17i,-5.54323242954869e-16-4.13578099165138e-17i,-5.54323153111567e-16-4.13578337027154e-17i,-5.54488562537681e-16-4.13701498250909e-17i,-5.54118446142852e-16-4.13427301769177e-17i
6.16186172249133e-07+4.78610243701915e-08i,1.5133091099395e-15+1.1735217134014e-16i,1.51331016866365e-15+1.17352662670084e-16i,1.51331028767966e-15+1.17352726337465e-16i,1.51331039143907e-15+1.17352906102032e-16i,1.51378433714246e-15+1.17389480813029e-16i,1.5127252841443e-15+1.17307319956227e-16i
7.15392767121184e-07+5.47245241341704e-08i,1.76195737956702e-15+1.34762533822643e-16i,1.76195855749233e-15+1.34763081602699e-16i,1.76195869129735e-15+1.34763151214625e-16i,1.76195880257542e-15+1.34763355828281e-16i,1.76248924382663e-15+1.34803826305326e-16i,1.76130564897261e-15+1.34713486197142e-16i
-1.15463190944027e-06-8.84774928628343e-08i,-2.83490372500396e-15-2.1736842191888e-16i,-2.83490597359734e-15-2.17369617407133e-16i,-2.83490608683408e-15-2.17369759562824e-16i,-2.83490671185292e-15-2.17370246779922e-16i,-2.83579570085889e-15-2.17438176403709e-16i,-2.83381057632233e-15-2.17286789217676e-16i
-3.0728913496605e-07-2.31628517931164e-08i,-7.604287772213e-16-5.74274232666561e-17i,-7.6042946927749e-16-5.74277892546323e-17i,-7.60429506484775e-16-5.7427832186486e-17i,-7.60429691450809e-16-5.74279822678606e-17i,-7.60703826000946e-16-5.74487411824859e-17i,-7.60089154356391e-16-5.7402603322327e-17i
-2.00657969375399e-07-1.40999615177176e-08i,-4.87371247609696e-16-3.42425530865405e-17i,-4.87371793272575e-16-3.42429178513358e-17i,-4.87371749195481e-16-3.42429566494901e-17i,-4.87372109388933e-16-3.42431253214182e-17i,-4.87525595370805e-16-3.4253898356086e-17i,-4.87182520169163e-16-3.42300089863482e-17i
0.00749999867011546+0.000564075362481473i,-7.42727200580505e-14-5.58590579871868e-15i,-7.42727180609648e-14-5.58590489753615e-15i,-7.42727178084931e-14-5.58590478293714e-15i,-7.42727176950609e-14-5.58590444953667e-15i,-7.42717952326635e-14-5.58583499828283e-15i,-7.42738532427726e-14-5.58598906833896e-15i
5.30552456645147e-07+4.32210113555978e-08i,1.29733894190965e-15+1.05217280929387e-16i,1.29733995525493e-15+1.05217814999197e-16i,1.29734000903756e-15+1.05217881789138e-16i,1.29734028376379e-15+1.05218089714837e-16i,1.29774211863496e-15+1.05250359164432e-16i,1.2968450702678e-15+1.05177083485581e-16i
6.23214465875872e-07+5.03397208444431e-08i,1.5315634750066e-15+1.23271755806997e-16i,1.53156464537207e-15+1.23272381923838e-16i,1.53156470082708e-15+1.23272458451913e-16i,1.53156503681342e-15+1.23272707474376e-16i,1.5320240592764e-15+1.23309459309436e-16i,1.53099913180998e-15+1.23226505848216e-16i
-2.92288626719947e-07-2.38740169073265e-08i,-7.24981171953637e-16-5.89534121420824e-17i,-7.24981990473508e-16-5.89539082775571e-17i,-7.24981973250635e-16-5.89539653916983e-17i,-7.24982371050377e-16-5.89541775960117e-17i,-7.25254250435504e-16-5.89758909147404e-17i,-7.24646213928832e-16-5.89269241117889e-17i
0.0147331338899321+0.00111145212726701i,-5.04876304927692e-14-3.80872994393578e-15i,-5.04876286572689e-14-3.80872920678292e-15i,-5.04876283384878e-14-3.80872910713381e-15i,-5.04876284861077e-14-3.80872885969007e-15i,-5.04867057847927e-14-3.80865919482406e-15i,-5.04887642392465e-14-3.80881391823856e-15i
-8.57739867164753e-07-6.7749139426144e-08i,-2.11979961338054e-15-1.66976562529887e-16i,-2.11980119052474e-15-1.66977328044822e-16i,-2.11980133768933e-15-1.66977425520664e-16i,-2.11980158015579e-15-1.66977713368168e-16i,-2.12048261792664e-15-1.67031083444428e-16i,-2.11896217662542e-15-1.66911149920591e-16i
8.86355523633002e-07+6.65686556349946e-08i,2.18541264884529e-15+1.64345741650653e-16i,2.18541414316034e-15+1.6434640885771e-16i,2.18541433609584e-15+1.64346495039118e-16i,2.1854144095197e-15+1.64346738212829e-16i,2.18610747463962e-15+1.64398657378434e-16i,2.18456123128803e-15+1.64282958870996e-16i
-3.32853003822758e-08-4.722197909046e-09i,-9.18077553653904e-17-1.20223647083383e-17i,-9.1808448871138e-17-1.2022987302712e-17i,-9.18082408549741e-17-1.20230502660641e-17i,-9.18091414753075e-17-1.20233564618819e-17i,-9.18691815261045e-17-1.20292442922037e-17i,-9.17314924468096e-17-1.20151073339894e-17i
-2.69453935223196e-07-1.92676974232383e-08i,-6.70846203627346e-16-4.82975429026265e-17i,-6.70846955044205e-16-4.8298039715234e-17i,-6.70846899817254e-16-4.82980921127642e-17i,-6.70847378297442e-16-4.82983210953892e-17i,-6.71062908365776e-16-4.83139008988684e-17i,-6.70579151458875e-16-4.82797452922616e-17i
3.05200997955913e-08+2.73602217843501e-09i,7.89699400052289e-17+6.81796987873501e-18i,7.89699752160893e-17+6.81797804625968e-18i,7.89699844906993e-17+6.81798106208543e-18i,7.89699735824177e-17+6.81797881436626e-18i,7.89907859204677e-17+6.81976405320786e-18i,7.89462980912908e-17+6.81543295948435e-18i
0.0093992072783173+0.000711017489217093i,-6.82069078035286e-14-5.1598833823821e-15i,-6.82069052841614e-14-5.15988195474065e-15i,-6.82069052436117e-14-5.15988178977932e-15i,-6.8206904291803e-14-5.15988118652815e-15i,-6.82059850747359e-14-5.1598118114801e-15i,-6.82080399772047e-14-5.15996640690958e-15i
-0.00189957294781446-0.000144733081928446i,9.94171169717614e-14+7.57484420722215e-15i,9.94171147679664e-14+7.57484310001173e-15i,9.94171145977128e-14+7.57484296424495e-15i,9.94171141564755e-14+7.57484252914533e-15i,9.94161923192567e-14+7.57477254283698e-15i,9.94182505783254e-14+7.57492885190682e-15i
-1.21972017569651e-06-9.268492485503e-08i,-2.98443000495913e-15-2.26885823992984e-16i,-2.98443216388026e-15-2.26886905369435e-16i,-2.98443233263698e-15-2.26887038037996e-16i,-2.98443275867899e-15-2.26887462623656e-16i,-2.98533670725983e-15-2.26955933229276e-16i,-2.98331723447512e-15-2.26803066395827e-16i
0.0192168093510055+0.00148660368872277i,-2.93095112559934e-14-2.26638821211364e-15i,-2.93095085574875e-14-2.26638660227756e-15i,-2.93095085902503e-14-2.26638641834083e-15i,-2.93095073485641e-14-2.2663857263066e-15i,-2.93085894529553e-14-2.26631522446997e-15i,-2.93106417809582e-14-2.26647339444151e-15i
-1.46498994673065e-08+1.00014999552148e-09i,-3.1202130887996e-17+2.53938398613629e-18i,-3.12019874001024e-17+2.5395197917859e-18i,-3.12020361325285e-17+2.53953414999074e-18i,-3.12018333928565e-17+2.5395986615635e-18i,-3.11941542051436e-17+2.5416590391121e-18i,-3.12118172512654e-17+2.53665726830534e-18i
7.14436917712739e-07+5.471610302639e-08i,1.76653038841176e-15+1.35235604153854e-16i,1.76653149974206e-15+1.35236026389858e-16i,1.76653171425604e-15+1.35236086235146e-16i,1.76653156251679e-15+1.35236217727896e-16i,1.76710937110127e-15+1.35280462936219e-16i,1.7658216442183e-15+1.35181969290942e-16i
-5.12197989556144e-07-3.82797410259475e-08i,-1.26024601314857e-15-9.42354785612896e-17i,-1.2602465375834e-15-9.42355395117441e-17i,-1.26024677018289e-15-9.42355583358989e-17i,-1.26024631701094e-15-9.42355335473799e-17i,-1.26063322547109e-15-9.42644414084581e-17i,-1.25977163353387e-15-9.42000730236697e-17i
4.8542163298847e-07+3.64391278262627e-08i,1.18266300472367e-15+8.90455340078959e-17i,1.18266412096322e-15+8.9046230810852e-17i,1.18266407897953e-15+8.90463070853945e-17i,1.18266467390839e-15+8.90466178259362e-17i,1.18302127885972e-15+8.90733923455501e-17i,1.18222422087735e-15+8.90141986294859e-17i
-1.04592265024001e-06-7.99302548552133e-08i,-2.57512090548417e-15-1.96839739102373e-16i,-2.57512228915868e-15-1.96840169169537e-16i,-2.57512264830051e-15-1.96840237113694e-16i,-2.5751221918129e-15-1.9684034052864e-16i,-2.57592189356577e-15-1.96901420497522e-16i,-2.57414015288543e-15-1.96765442707678e-16i
7.04679654227922e-08+5.59760592783826e-09i,1.69803474541798e-16+1.35885713154558e-17i,1.69803758255769e-16+1.35888017462801e-17i,1.69803697360638e-16+1.35888245249148e-17i,1.69803994051672e-16+1.35889372105587e-17i,1.69850374440235e-16+1.35926438417158e-17i,1.69745052783119e-16+1.35844445224239e-17i
3.76258185855267e-07+2.7065505088214e-08i,9.30873621695364e-16+6.73451788894007e-17i,9.30874975023066e-16+6.73461420075506e-17i,9.30874811455128e-16+6.73462417692561e-17i,9.30875860639905e-16+6.73466959224468e-17i,9.31208474224338e-16+6.7370809728321e-17i,9.30461887580059e-16+6.73174394374424e-17i
0.0122644063891472+0.000937555278344467i,-5.35484661613137e-14-4.09416375647989e-15i,-5.3548463395195e-14-4.09416207696884e-15i,-5.35484634557365e-14-4.09416188794825e-15i,-5.35484621049991e-14-4.09416115580313e-15i,-5.35475439621061e-14-4.09409130143121e-15i,-5.35495970841202e-14-4.09424739917704e-15i
-0.0216607247871611-0.00163562014234902i,2.22760788510705e-14+1.68467410838896e-15i,2.22760762842904e-14+1.68467262878286e-15i,2.22760762648082e-14+1.68467245986942e-15i,2.22760752324405e-14+1.6846718274384e-15i,2.22751568135939e-14+1.6846026298749e-15i,2.22772099034026e-14+1.68475673565923e-15i
-1.55619000044311e-07-1.04654005943374e-08i,-3.82221208832222e-16-2.60309687742355e-17i,-3.82222092003478e-16-2.60317257952633e-17i,-3.82221862551178e-16-2.60317989154715e-17i,-3.82222903513424e-16-2.60321784373753e-17i,-3.82332285521015e-16-2.60394769359658e-17i,-3.82082950364114e-16-2.60235321778685e-17i
6.80989277084629e-07+5.26149397716086e-08i,1.68122884484159e-15+1.29786188980566e-16i,1.68123046871786e-15+1.29787166571829e-16i,1.68123044025383e-15+1.29787277859387e-16i,1.68123121325343e-15+1.29787700464932e-16i,1.68177595816739e-15+1.29829494022629e-16i,1.68055818115667e-15+1.29735904350074e-16i
-4.83187635724527e-07-3.64676328539351e-08i,-1.19602515694647e-15-9.05333605400306e-17i,-1.19602642589018e-15-9.05341355246666e-17i,-1.19602639593359e-15-9.05342210509558e-17i,-1.19602702066465e-15-9.05345631161182e-17i,-1.19644667791099e-15-9.0566296116428e-17i,-1.19550721503629e-15-9.04958819466921e-17i
6.85697245655344e-07+5.21387821560608e-08i,1.68361978023853e-15+1.28050551291075e-16i,1.68362089915241e-15+1.28051058771641e-16i,1.68362103622409e-15+1.28051124401193e-16i,1.68362111333472e-15+1.28051310147385e-16i,1.6841325078324e-15+1.28090081135034e-16i,1.68299067092882e-15+1.28003602947788e-16i
3.37282462085654e-07+2.65631771071568e-08i,8.30692198569432e-16+6.51069218528845e-17i,8.30693127491206e-16+6.51075475532861e-17i,8.30693047397332e-16+6.51076160971256e-17i,8.30693674929497e-16+6.51078984335869e-17i,8.30948931404092e-16+6.51277440848337e-17i,8.30376718078793e-16+6.50827893945893e-17i
-7.36767590513478e-07-5.58414987495406e-08i,-1.80009389761196e-15-1.3667542948004e-16i,-1.80009499728116e-15-1.36675919231599e-16i,-1.8000951441102e-15-1.3667598151701e-16i,-1.80009518328707e-15-1.36676161694579e-16i,-1.80061159188203e-15-1.36715313121444e-16i,-1.79946103139147e-15-1.36628633791012e-16i
-0.000340376674152115-2.59583127418301e-05i,9.50725722843911e-14+7.25063541464503e-15i,9.50725703180222e-14+7.25063454797193e-15i,9.50725700510618e-14+7.25063443461682e-15i,9.50725699914937e-14+7.25063412407171e-15i,9.50716463794653e-14+7.25056381090847e-15i,9.50737061279063e-14+7.25072044504891e-15i
6.30989538885339e-08+2.31379477892656e-09i,1.43536079861164e-16+5.41324393069929e-18i,1.43536016018105e-16+5.41316025123973e-18i,1.43536060762798e-16+5.41315041793032e-18i,1.43535902845042e-16+5.41311241764897e-18i,1.43554113331727e-16+5.41289780482715e-18i,1.43514785106289e-16+5.41460423140436e-18i
3.03956863920661e-07+2.0021251637624e-08i,7.42283691255539e-16+4.95778730440558e-17i,7.42283622730094e-16+4.95775800701229e-17i,7.42283864696614e-16+4.95775555592131e-17i,7.42283131177654e-16+4.95773865639017e-17i,7.42471810563531e-16+4.95898542021053e-17i,7.4205363885585e-16+4.95638196662261e-17i
0.00629428261295383+0.000492684396147287i,-7.7716590384367e-14-6.08424303949522e-15i,-7.77165878857213e-14-6.08424163205814e-15i,-7.7716587835608e-14-6.08424146661639e-15i,-7.77165869197924e-14-6.08424088147081e-15i,-7.77156678504513e-14-6.08416945951613e-15i,-7.77177230511697e-14-6.08432991870386e-15i
-8.35134930862238e-07-6.27737021990804e-08i,-2.05837600644017e-15-1.54918828335938e-16i,-2.05837790362134e-15-1.54919986189107e-16i,-2.05837785607592e-15-1.54920115190891e-16i,-2.05837879922374e-15-1.54920624204426e-16i,-2.05900439454696e-15-1.54967499327819e-16i,-2.05760612914977e-15-1.54863171149424e-16i
-7.90156312475877e-07-5.9852018771739e-08i,-1.94109708224098e-15-1.47068702868751e-16i,-1.94109914020889e-15-1.47070017959956e-16i,-1.94109903100554e-15-1.47070162965529e-16i,-1.94110022242783e-15-1.47070750040772e-16i,-1.94172696807754e-15-1.47117930736239e-16i,-1.94032434974659e-15-1.47012323891961e-16i
-0.00222890953544812-0.000166117336839408i,9.01092452548726e-14+6.71502059139364e-15i,9.01092431169542e-14+6.71501954682467e-15i,9.01092429221883e-14+6.71501941969245e-15i,9.0109242581918e-14+6.71501900976606e-15i,9.01083211183716e-14+6.71495028513245e-15i,9.0110378539921e-14+6.71510280458754e-15i
-9.03379851060911e-07-6.65337555840926e-08i,-2.22639211772019e-15-1.6425536643778e-16i,-2.22639411978905e-15-1.64256502293303e-16i,-2.22639414851677e-15-1.64256633078381e-16i,-2.22639491593721e-15-1.64257116340886e-16i,-2.22712198655707e-15-1.64310677675821e-16i,-2.2254969168205e-15-1.64191514596214e-16i
2.93673018393166e-09+1.29658029052018e-09i,5.5320108400661e-18+2.88053667757797e-18i,5.53197060165176e-18+2.88052793080041e-18i,5.53195748342892e-18+2.8805268761769e-18i,5.53197842868715e-18+2.880523753429e-18i,5.50708650939407e-18+2.87927252914049e-18i,5.56345550092132e-18+2.88158221472029e-18i
4.09014862513337e-07+3.3056438883253e-08i,1.01273340049783e-15+8.14823370975205e-17i,1.01273395733218e-15+8.14824946442976e-17i,1.01273411642283e-15+8.14825226674805e-17i,1.01273389085863e-15+8.1482549220856e-17i,1.01306766180456e-15+8.15092765990397e-17i,1.01232393308604e-15+8.14491166276894e-17i
0.0205021863978659+0.00158779420465984i,-2.4927573112053e-14-1.93075195031238e-15i,-2.4927570352691e-14-1.93075027753443e-15i,-2.49275704106779e-14-1.93075008795828e-15i,-2.49275690698805e-14-1.93074936287842e-15i,-2.49266516494489e-14-1.93067881476011e-15i,-2.49287033013409e-14-1.93083705644747e-15i
3.98171048115812e-07+3.18553640187477e-08i,9.85460819185006e-16+7.86862270557691e-17i,9.85461220443678e-16+7.86862776701112e-17i,9.85461395606728e-16+7.86862934630216e-17i,9.85461056921692e-16+7.86862728343228e-17i,9.85754223258065e-16+7.87097598229465e-17i,9.85100956316076e-16+7.86572977774711e-17i
0.0104866614655383+0.000798067562458888i,-6.21927223316668e-14-4.73517817436684e-15i,-6.21927197383658e-14-4.73517667477024e-15i,-6.21927197264922e-14-4.73517650171967e-15i,-6.2192718659291e-14-4.73517586472669e-15i,-6.21918003269929e-14-4.73510638505245e-15i,-6.21938549700482e-14-4.73526211572453e-15i
1.3159880197267e-07+5.98595492519981e-09i,3.25178958457025e-16+1.54699399606644e-17i,3.25179156422781e-16+1.54700638266131e-17i,3.25179147328824e-16+1.54700743320264e-17i,3.25179256878457e-16+1.5470139267692e-17i,3.25242110513649e-16+1.54721231745327e-17i,3.25101806929911e-16+1.54689599746645e-17i
1.85960611074796e-07+1.16345399678486e-08i,4.59137601156977e-16+2.91579826148635e-17i,4.59138380182156e-16+2.91585905214767e-17i,4.59138231773192e-16+2.91586512510664e-17i,4.59138993882981e-16+2.9158948813495e-17i,4.5928251250204e-16+2.91679978639897e-17i,4.58959054134586e-16+2.91482282978957e-17i
-0.00133803768519438-0.000102297206105431i,9.8532187049552e-14+7.53320442869478e-15i,9.85321849293606e-14+7.53320340843065e-15i,9.85321847233257e-14+7.53320328000075e-15i,9.85321844206076e-14+7.53320289156995e-15i,9.85312617456505e-14+7.53313262628101e-15i,9.85333217642898e-14+7.53328971679104e-15i
3.69548540421715e-07+2.56174939078596e-08i,9.10709925450432e-16+6.35618574738237e-17i,9.10711079784927e-16+6.35626813262864e-17i,9.10710936279106e-16+6.35627659243488e-17i,9.10711842303064e-16+6.35631568669607e-17i,9.10992515918377e-16+6.35826538143106e-17i,9.10362727365617e-16+6.35398014681084e-17i
-8.3961729536186e-08-6.831585191138e-09i,-2.13602490256081e-16-1.71867255232442e-17i,-2.13602986160495e-16-1.71870745211906e-17i,-2.1360292901427e-16-1.71871123227444e-17i,-2.1360330629433e-16-1.71872723287881e-17i,-2.13726198630755e-16-1.71968119287913e-17i,-2.13449732256141e-16-1.71750117490105e-17i
-9.01524053974073e-07-6.68153126043306e-08i,-2.2134242045547e-15-1.64364209061567e-16i,-2.21342580001143e-15-1.64364985177249e-16i,-2.21342594771727e-15-1.64365079887341e-16i,-2.21342619513805e-15-1.64365384114702e-16i,-2.21411491530931e-15-1.64416470134481e-16i,-2.21257636304667e-15-1.64303064375556e-16i
0.00778320694674649+0.000607803502884176i,-7.3747397560243e-14-5.7596545576707e-15i,-7.37473948696985e-14-5.75965295217816e-15i,-7.37473948992001e-14-5.75965276951087e-15i,-7.37473936713265e-14-5.75965207867025e-15i,-7.37464757088009e-14-5.75958079590158e-15i,-7.37485293990792e-14-5.75974047127875e-15i
-0.012479681516826-0.000961951751806215i,5.81496470185727e-14+4.48203592246007e-15i,5.8149644786423e-14+4.48203478629753e-15i,5.81496446279483e-14+4.48203464671144e-15i,5.81496441397442e-14+4.48203419941622e-15i,5.81487225824735e-14+4.48196351273311e-15i,5.81507795599287e-14+4.48212167210685e-15i
-1.1189975637307e-06-8.4001604213714e-08i,-2.74357497814107e-15-2.06269125839604e-16i,-2.74357666547272e-15-2.06269838433275e-16i,-2.74357692537889e-15-2.06269931669382e-16i,-2.74357688503186e-15-2.06270182971009e-16i,-2.74439595820241e-15-2.06331618304488e-16i,-2.74256731882914e-15-2.06195072546257e-16i
7.88420869135246e-07+6.09684216406204e-08i,1.92785159077065e-15+1.49065574541588e-16i,1.92785306731548e-15+1.49066332212919e-16i,1.92785316715689e-15+1.49066424568218e-16i,1.92785350401537e-15+1.49066724931703e-16i,1.92845884817667e-15+1.49113366772357e-16i,1.92710724478701e-15+1.49009164636193e-16i
-3.73908019546797e-07-2.78180167331004e-08i,-9.04549589068654e-16-6.74144940821717e-17i,-9.04550603953316e-16-6.74152198170617e-17i,-9.04550476579179e-16-6.74152959276262e-17i,-9.04551277927895e-16-6.74156364765381e-17i,-9.04796567531146e-16-6.74337188979873e-17i,-9.04246878068189e-16-6.73935048127452e-17i
7.46558808765629e-07+5.69700778363936e-08i,1.83114504092763e-15+1.39664472419876e-16i,1.83114615162166e-15+1.39664912843177e-16i,1.8311463479457e-15+1.39664974090663e-16i,1.8311462491649e-15+1.39665117043654e-16i,1.83170736467165e-15+1.39707758210686e-16i,1.83045632488325e-15+1.39612445415239e-16i
0.0161639250265497+0.00123320520278337i,-3.29896606768507e-14-2.51753700509695e-15i,-3.29896579314662e-14-2.51753534835291e-15i,-3.29896579834983e-14-2.51753516105881e-15i,-3.29896566662636e-14-2.51753444170929e-15i,-3.29887393328929e-14-2.51746482470496e-15i,-3.29907913953527e-14-2.51762058605355e-15i
1.20150276716129e-06+8.9911688392502e-08i,2.96439578491043e-15+2.22073932650283e-16i,2.96439832948397e-15+2.22075390344589e-16i,2.96439835415145e-15+2.22075557733232e-16i,2.96439936322085e-15+2.22076179162871e-16i,2.96531516094799e-15+2.22144597146572e-16i,2.96327009576896e-15+2.21992459416773e-16i
0.0007263616006998+5.69945898497871e-05i,-1.01809753144716e-13-7.98896717929363e-15i,-1.01809750898169e-13-7.98896602583887e-15i,-1.01809750746061e-13-7.9889658841725e-15i,-1.01809750233748e-13-7.98896543039075e-15i,-1.01808827986635e-13-7.98889352199884e-15i,-1.0181088553841e-13-7.98905468637234e-15i
1.11231887377084e-06+8.62089575205505e-08i,2.7271391443105e-15+2.11396301475651e-16i,2.7271414325212e-15+2.11397585086555e-16i,2.72714148396272e-15+2.11397735028466e-16i,2.72714230601805e-15+2.11398271351876e-16i,2.72799035503681e-15+2.11463723270027e-16i,2.72609534411192e-15+2.11317558373183e-16i
-3.62781457149961e-07-2.86430767442794e-08i,-8.87828456798623e-16-7.01053500535835e-17i,-8.87829160734523e-16-7.01057582067293e-17i,-8.87829166039296e-16-7.01058048287627e-17i,-8.87829449059055e-16-7.01059787346926e-17i,-8.88082039886164e-16-7.01260035470152e-17i,-8.87517882006685e-16-7.00815540470598e-17i
6.27708449264124e-07+4.78460097988966e-08i,1.54782936544652e-15+1.17730716380169e-16i,1.54783007223603e-15+1.17730886476004e-16i,1.54783029966289e-15+1.1773091930352e-16i,1.54782993984493e-15+1.17730937737647e-16i,1.5482754022805e-15+1.17764731699832e-16i,1.54728304632264e-15+1.17688921477276e-16i
-5.5076025959899e-07-4.48023205963957e-08i,-1.35746051189354e-15-1.09920237929836e-16i,-1.35746160786534e-15-1.09920841380981e-16i,-1.3574616438195e-15-1.09920914289661e-16i,-1.35746200537943e-15-1.09921158574976e-16i,-1.35787905459597e-15-1.0995479948059e-16i,-1.35694942256056e-15-1.09879157438181e-16i
-5.10111956077803e-07-3.90769397424823e-08i,-1.25994179225014e-15-9.64549575075377e-17i,-1.25994247151749e-15-9.64551541597212e-17i,-1.25994266261127e-15-9.64551865297119e-17i,-1.25994239567062e-15-9.64552282552205e-17i,-1.2603493479391e-15-9.64863258201518e-17i,-1.25944453828018e-15-9.64170570322682e-17i
-0.00814498246128288-0.00062515434762609i,7.64539959014603e-14+5.86861868365871e-15i,7.64539936229755e-14+5.86861749929646e-15i,7.6453993483779e-14+5.86861735620589e-15i,7.64539929208818e-14+5.86861688210577e-15i,7.64530726542288e-14+5.86854653323529e-15i,7.64551289763066e-14+5.86870383767178e-15i
-0.00719647136220765-0.000547636873209451i,7.56415583541219e-14+5.75675175621554e-15i,7.56415562242382e-14+5.75675072181544e-15i,7.56415560247787e-14+5.75675059316512e-15i,7.56415556998385e-14+5.75675019480973e-15i,7.56406331754793e-14+5.75668025532707e-15i,7.56426913082695e-14+5.75683643652819e-15i
-7.28928827460662e-07-5.63034448299637e-08i,-1.79680357442222e-15-1.38490857018554e-16i,-1.79680483566508e-15-1.38491422835553e-16i,-1.79680499669632e-15-1.38491497369805e-16i,-1.79680506473502e-15-1.38491699659976e-16i,-1.79738857145498e-15-1.38536436834632e-16i,-1.79608777456748e-15-1.38435889085707e-16i
3.0010274426331e-08+2.22668262156697e-09i,7.18724947566689e-17+5.36928374549552e-18i,7.1872133688571e-17+5.36888667587623e-18i,7.18723117193258e-17+5.36884985384971e-18i,7.1871640491421e-17+5.36864150097653e-18i,7.19001790287909e-17+5.37097023843806e-18i,7.18382140843271e-17+5.36627079855102e-18i
5.29560818808675e-07+4.16895891453068e-08i,1.3011512003808e-15+1.02121916524899e-16i,1.30115221208482e-15+1.02122463385422e-16i,1.30115225372133e-15+1.02122529351215e-16i,1.30115256255731e-15+1.02122750340673e-16i,1.30154352091379e-15+1.02153241232589e-16i,1.30067007362993e-15+1.02084506401799e-16i
-6.36402120154262e-08-4.67694768834217e-09i,-1.55539639254804e-16-1.13941294353435e-17i,-1.55539059398741e-16-1.13934983525732e-17i,-1.55539336199946e-16-1.1393441060152e-17i,-1.55538285982161e-16-1.13931079494708e-17i,-1.55574765939558e-16-1.13958164677859e-17i,-1.5549585155907e-16-1.13897396844901e-17i
-4.8626037186162e-07-4.03588055306814e-08i,-1.19157710670461e-15-9.84634892781414e-17i,-1.19157826211265e-15-9.84641928023632e-17i,-1.19157823604559e-15-9.8464274170606e-17i,-1.19157880281066e-15-9.84645738766398e-17i,-1.19196062701187e-15-9.84957662945489e-17i,-1.19110621140681e-15-9.84251162990497e-17i
8.48046334779555e-08+6.23613904185371e-09i,2.08835154006934e-16+1.53499282109878e-17i,2.08835596236539e-16+1.5350260941658e-17i,2.08835523867068e-16+1.53502960456752e-17i,2.08835923390192e-16+1.53504537937974e-17i,2.08928167006523e-16+1.53571752717389e-17i,2.08722492493717e-16+1.53420719476683e-17i
-9.27168497131748e-07-7.37844243442434e-08i,-2.28804455971345e-15-1.81591489347194e-16i,-2.288046335215e-15-1.81592388676316e-16i,-2.28804646785306e-15-1.81592500210666e-16i,-2.28804683610856e-15-1.81592849229041e-16i,-2.28878616237134e-15-1.81651153217464e-16i,-2.28713605665154e-15-1.81520214594077e-16i
0.00276551610790483+0.00020822967660382i,-9.46730171211713e-14-7.12835315031812e-15i,-9.46730152801491e-14-7.12835241095858e-15i,-9.46730149616765e-14-7.12835231038632e-15i,-9.46730151052906e-14-7.12835206316856e-15i,-9.46720911092034e-14-7.12828255394227e-15i,-9.46741520822709e-14-7.12843729586511e-15i
-9.35671397015608e-07-7.05658699073036e-08i,-2.30319157261599e-15-1.73829540592118e-16i,-2.30319309754426e-15-1.73830222702932e-16i,-2.30319329559578e-15-1.73830310328461e-16i,-2.30319336713016e-15-1.73830560053101e-16i,-2.30390183975327e-15-1.73883967589643e-16i,-2.30232109501099e-15-1.73765120707028e-16i
4.34558229799083e-07+2.9599479314463e-08i,1.06220568159977e-15+7.29900548389306e-17i,1.06220637422297e-15+7.29903573444951e-17i,1.06220647166372e-15+7.29903937171591e-17i,1.06220648153862e-15+7.29905114938102e-17i,1.06253662360063e-15+7.30132402615967e-17i,1.06180092537493e-15+7.29637992859442e-17i
9.26496639402951e-07+7.47832076301491e-08i,2.28662161376417e-15+1.83821880434421e-16i,2.28662337821414e-15+1.83822787354059e-16i,2.28662349691457e-15+1.83822900437895e-16i,2.28662390218373e-15+1.83823252385503e-16i,2.28734536732895e-15+1.83880942980043e-16i,2.28573393047205e-15+1.8375099037395e-16i
7.51673378666152e-07+5.96913782393471e-08i,1.85022461621551e-15+1.46564844991996e-16i,1.85022619683522e-15+1.46565764203751e-16i,1.85022620086289e-15+1.46565871535767e-16i,1.85022686097718e-15+1.46566258350762e-16i,1.85078568935078e-15+1.4661031917784e-16i,1.84953814755726e-15+1.4651129710424e-16i
-0.0154625289804227-0.00119895617458578i,4.38325277560109e-14+3.39996570369975e-15i,4.38325246642762e-14+3.39996369936384e-15i,4.38325248556374e-14+3.39996347744022e-15i,4.38325229853716e-14+3.39996258388541e-15i,4.38316073862881e-14+3.39989231905237e-15i,4.38336582742839e-14+3.40005070792046e-15i
-5.2319326838005e-07-4.18062699055479e-08i,-1.29974824747568e-15-1.0334408630625e-16i,-1.29974928232985e-15-1.0334460623785e-16i,-1.29974936118492e-15-1.03344672234368e-16i,-1.29974957268938e-15-1.03344870709986e-16i,-1.30018128791893e-15-1.03378950336971e-16i,-1.29921860195861e-15-1.03302205680867e-16i
1.04550707785941e-07+8.59574053757066e-09i,2.53906295863453e-16+2.07587086038501e-17i,2.53906452619717e-16+2.07587342906758e-17i,2.5390651471089e-16+2.07587415067778e-17i,2.53906401952624e-16+2.07587364746029e-17i,2.54015789829748e-16+2.07674629829637e-17i,2.5377349728482e-16+2.07478640916255e-17i
0.00951523309869618+0.000723614233363996i,-6.26515083150107e-14-4.7649905785603e-15i,-6.26515057009081e-14-4.76498905114516e-15i,-6.26515057001956e-14-4.76498887732386e-15i,-6.26515045926023e-14-4.76498822141941e-15i,-6.26505852297951e-14-4.76491848771255e-15i,-6.26526395137441e-14-4.76507379079511e-15i
0.00857126705671563+0.000647105526080189i,-7.35928584879714e-14-5.55595009006237e-15i,-7.35928564249667e-14-5.55594912332465e-15i,-7.35928561982844e-14-5.55594900189034e-15i,-7.35928559811547e-14-5.55594863599495e-15i,-7.35919333159714e-14-5.55587901458025e-15i,-7.35939919735028e-14-5.55603380869825e-15i
1.84862975205621e-07+1.32894939700606e-08i,4.46718020371269e-16+3.22959289306202e-17i,4.4671856692489e-16+3.22963136736931e-17i,4.46718505562667e-16+3.22963536112889e-17i,4.46718916346683e-16+3.22965353003416e-17i,4.46858322800654e-16+3.2306615424534e-17i,4.46547151418457e-16+3.22846020538833e-17i
1.09889657643346e-06+8.29665808410623e-08i,2.69982063953774e-15+2.03821029611268e-16i,2.69982282194747e-15+2.03822232921247e-16i,2.69982288620811e-15+2.0382237450054e-16i,2.69982362654681e-15+2.03822874274343e-16i,2.70064485805935e-15+2.03884623539715e-16i,2.69880976486681e-15+2.03746659597649e-16i
0.00216233797661954+0.000163255604014082i,-9.67337695555475e-14-7.30328910998787e-15i,-9.67337671128819e-14-7.30328775719203e-15i,-9.67337670413708e-14-7.30328760010345e-15i,-9.67337662124218e-14-7.30328703332549e-15i,-9.67328452655546e-14-7.30321763375578e-15i,-9.67349022835785e-14-7.30337209712332e-15i
0.0111881262258114+0.000857081786186614i,-5.9727929350414e-14-4.57559128429772e-15i,-5.9727926690011e-14-4.57558971179874e-15i,-5.97279267076443e-14-4.57558953255506e-15i,-5.97279255268178e-14-4.5755888566729e-15i,-5.97270067353071e-14-4.57551887504584e-15i,-5.97290603467752e-14-4.57567548315142e-15i
-7.59525345586245e-07-5.96763647474794e-08i,-1.86494026202537e-15-1.46161342076435e-16i,-1.86494142696084e-15-1.46161852406698e-16i,-1.86494158660797e-15-1.46161921388981e-16i,-1.86494161812277e-15-1.46162097657358e-16i,-1.86548867606636e-15-1.46204876691241e-16i,-1.86426806984521e-15-1.46108746466312e-16i
3.65273178217104e-07+2.89488219318607e-08i,9.00459824552614e-16+7.11895373971029e-17i,9.00460721385088e-16+7.119010805617e-17i,9.00460677647855e-16+7.11901715830356e-17i,9.00461185631566e-16+7.11904237895216e-17i,9.0073720348021e-16+7.12121013943231e-17i,9.001188865984e-16+7.11633800359949e-17i
1.63883050857261e-07+1.25215756950775e-08i,4.01402320908266e-16+3.07082492805288e-17i,4.01402152730746e-16+3.07079288096268e-17i,4.0140236472182e-16+3.07079027858327e-17i,4.01401676667792e-16+3.0707718817677e-17i,4.01527823148134e-16+3.07174765872892e-17i,4.01248597575192e-16+3.06959811291214e-17i
-2.58359450555028e-07-1.87834738411883e-08i,-6.42070657804168e-16-4.70558742445472e-17i,-6.42071292568501e-16-4.70562942811045e-17i,-6.4207124793816e-16-4.70563382284521e-17i,-6.42071646519567e-16-4.70565329274269e-17i,-6.42256294513565e-16-4.7070027826692e-17i,-6.41842743033082e-16-4.70405125645935e-17i
-9.52903022767412e-07-7.1533076482178e-08i,-2.33705770635038e-15-1.75671080690638e-16i,-2.33705923946575e-15-1.75671781016313e-16i,-2.33705942394908e-15-1.75671869881196e-16i,-2.33705953827006e-15-1.75672130830707e-16i,-2.33775798796381e-15-1.75724494857315e-16i,-2.33619806341256e-15-1.75607993807574e-16i
-3.04235992496736e-07-2.40978617472176e-08i,-7.52588748542821e-16-5.96196709967001e-17i,-7.52589300110082e-16-5.96199070883397e-17i,-7.52589383073485e-16-5.96199384470135e-17i,-7.52589375736439e-16-5.96200201829711e-17i,-7.52855474790276e-16-5.96410017051656e-17i,-7.52261556055341e-16-5.95943204662713e-17i
4.37442355209854e-07+3.27187228421431e-08i,1.07948172235545e-15+8.10640990636964e-17i,1.07948276912772e-15+8.1064752722891e-17i,1.07948272873182e-15+8.10648244701407e-17i,1.07948328982874e-15+8.10651156360553e-17i,1.07981623530826e-15+8.10900134775081e-17i,1.07907162925375e-15+8.10348958763839e-17i
-7.64861826083613e-07-6.05194156296347e-08i,-1.88437096126201e-15-1.48720172281639e-16i,-1.88437192129721e-15-1.48720414704995e-16i,-1.88437222452342e-15-1.48720459677123e-16i,-1.88437175089541e-15-1.48720490626548e-16i,-1.88497375608582e-15-1.48767827597954e-16i,-1.88363331860096e-15-1.48661808540431e-16i
5.44590652734188e-08+9.8380424774633e-10i,1.33635611324044e-16+3.05639494726311e-18i,1.33635240846503e-16+3.05597860241929e-18i,1.33635432689414e-16+3.05593755530518e-18i,1.33634716978757e-16+3.05572679857279e-18i,1.33674321834214e-16+3.05684059500869e-18i,1.33589701121514e-16+3.05602746572185e-18i
1.35470054626166e-07+1.15532887655505e-08i,3.33738792634717e-16+2.82032059132846e-17i,3.33739807921967e-16+2.82040760196852e-17i,3.33739543405848e-16+2.82041632856895e-17i,3.33740743910656e-16+2.82045906539563e-17i,3.33865210756739e-16+2.82146483512468e-17i,3.33582771777371e-16+2.81913143856649e-17i
4.60348958622702e-07+3.56002436587907e-08i,1.14621989595598e-15+8.85672847781223e-17i,1.14622158375755e-15+8.85685109672242e-17i,1.14622135470299e-15+8.8568639690886e-17i,1.1462227370525e-15+8.85692145326202e-17i,1.14661473715063e-15+8.85992850988976e-17i,1.14573460585532e-15+8.85319026689629e-17i
0.00866285758803455+0.000649064805668319i,-6.56238407689795e-14-4.91480657871397e-15i,-6.56238381508551e-14-4.91480505016082e-15i,-6.56238381508003e-14-4.91480487652135e-15i,-6.56238370392924e-14-4.91480421845272e-15i,-6.5622917705999e-14-4.91473550250639e-15i,-6.56249727097346e-14-4.9148885196734e-15i
6.892156494305e-07+5.31272184684696e-08i,1.68974403946349e-15+1.30036496176528e-16i,1.68974535913511e-15+1.30037179367234e-16i,1.68974543981537e-15+1.3003726316541e-16i,1.68974576608358e-15+1.30037533496708e-16i,1.69027794440178e-15+1.30078241399685e-16i,1.68908862924275e-15+1.29986732738076e-16i
5.15708469191009e-07+3.93878945152859e-08i,1.2661749581483e-15+9.68484143593045e-17i,1.26617606768394e-15+9.68490199001417e-17i,1.26617610745871e-15+9.68490910858558e-17i,1.2661764623002e-15+9.68493412211433e-17i,1.266600587044e-15+9.68816992862041e-17i,1.26565263069571e-15+9.68096433679378e-17i
1.21468642378916e-07+8.09880847200676e-09i,2.99746970112073e-16+2.01489592916776e-17i,2.99747641407261e-16+2.01495518060493e-17i,2.99747448350171e-16+2.01496093699226e-17i,2.99748294286763e-16+2.01499069889198e-17i,2.99815458342455e-16+2.01540100078996e-17i,2.99662650345306e-16+2.01447094841253e-17i
8.20211630493888e-07+6.18298356463403e-08i,2.01854046281646e-15+1.52180755981816e-16i,2.01854197924625e-15+1.52181559869949e-16i,2.01854205465456e-15+1.52181655827517e-16i,2.01854247923352e-15+1.52181983059971e-16i,2.01914048634082e-15+1.52226903947483e-16i,2.01780490516738e-15+1.5212669796542e-16i
-0.0327415096076079-0.00250310325314684i,-2.29790929962072e-14-1.75653639732325e-15i,-2.29790956770712e-14-1.75653798943417e-15i,-2.29790956499517e-14-1.7565381709829e-15i,-2.29790968667114e-14-1.75653885571565e-15i,-2.29800127892849e-14-1.75660843475258e-15i,-2.29779634629956e-14-1.75645242504085e-15i
9.53827870831993e-07+7.4776700191814e-08i,2.34424391112878e-15+1.83494746893146e-16i,2.34424548916131e-15+1.83495469288553e-16i,2.34424567833459e-15+1.83495563332319e-16i,2.34424579838963e-15+1.83495824818002e-16i,2.34496396928737e-15+1.83551794806661e-16i,2.34336063194526e-15+1.83426202688837e-16i
5.459386076039e-07+4.11024679567636e-08i,1.35283910953025e-15+1.01982673588694e-16i,1.35284040177803e-15+1.01983444263929e-16i,1.35284038752985e-15+1.01983530765931e-16i,1.35284097740182e-15+1.01983866465544e-16i,1.35328256655966e-15+1.02017147974611e-16i,1.35229530535772e-15+1.01943251682847e-16i
5.07382795009616e-07+3.84895745361845e-08i,1.24824761585632e-15+9.48430892940148e-17i,1.24824881567308e-15+9.48438212835148e-17i,1.24824878835926e-15+9.48439023872212e-17i,1.24824937690378e-15+9.48442251701999e-17i,1.24864739602137e-15+9.48744772775602e-17i,1.24775742039162e-15+9.4807484752824e-17i
-2.44871221067269e-08-1.04864759778788e-09i,-5.77486966669237e-17-2.48211801012446e-18i,-5.77482714654065e-17-2.48169575878658e-18i,-5.7748436779327e-17-2.48165513934288e-18i,-5.7747774710487e-17-2.48143928837687e-18i,-5.77418616457552e-17-2.4805266626256e-18i,-5.77553015319611e-17-2.48274965492794e-18i
-3.55503100367769e-07-2.7566153004501e-08i,-8.71491015833716e-16-6.7434542876277e-17i,-8.71491909387945e-16-6.74351321506212e-17i,-8.71491842589574e-16-6.74351975079143e-17i,-8.71492416700601e-16-6.7435460893624e-17i,-8.7174640074381e-16-6.74549048305552e-17i,-8.71177035428087e-16-6.74108742908937e-17i
5.49504255280827e-09+2.14218964720041e-09i,9.69956227150513e-18+4.77083337052351e-18i,9.69974755628538e-18+4.77103482908426e-18i,9.69965954856025e-18+4.77105443290932e-18i,9.69999425120761e-18+4.77115664086334e-18i,9.68773637198803e-18+4.7713427155626e-18i,9.71366554590942e-18+4.77042745478096e-18i
-3.45122383241486e-07-2.5139850096831e-08i,-8.3711503092808e-16-6.1234146022838e-17i,-8.37115220100328e-16-6.1234054312871e-17i,-8.37115412820931e-16-6.12340523308879e-17i,-8.37114932207317e-16-6.12339741097045e-17i,-8.37350168791254e-16-6.12512301139054e-17i,-8.36826921850025e-16-6.12135683957052e-17i
-5.41660069114614e-07-3.77187429790098e-08i,-1.33275251005881e-15-9.34867329441217e-17i,-1.33275417716115e-15-9.3487927937824e-17i,-1.3327539669503e-15-9.34880501642995e-17i,-1.3327552845587e-15-9.34886191602464e-17i,-1.33315726515529e-15-9.35166920415465e-17i,-1.33225421556894e-15-9.34551587757195e-17i
1.06236830417842e-06+7.79309289384768e-08i,2.6207781363681e-15+1.92682165965756e-16i,2.62078081424255e-15+1.92683854526219e-16i,2.62078069384782e-15+1.92684039339467e-16i,2.62078218024746e-15+1.92684795591494e-16i,2.62161590681529e-15+1.92745930528925e-16i,2.61974832464322e-15+1.92609920825369e-16i
-2.78505883966629e-07-2.22481932078538e-08i,-6.86777476540015e-16-5.46977324356943e-17i,-6.86777790876934e-16-5.46977924115677e-17i,-6.86777910078707e-16-5.4697805857001e-17i,-6.86777697513326e-16-5.46978038632498e-17i,-6.86993105015505e-16-5.47149963155196e-17i,-6.86514833318437e-16-5.46767101002683e-17i
-5.10514433739042e-07-3.88144352662738e-08i,-1.26268787223428e-15-9.59975250599779e-17i,-1.26268859112588e-15-9.59977760945304e-17i,-1.26268875377935e-15-9.59978121619955e-17i,-1.26268858520691e-15-9.59978854448089e-17i,-1.26308311291497e-15-9.602788932061e-17i,-1.26220259641941e-15-9.59610766930791e-17i
