-2.12341362954042-0.000412830176062331i,0.0385703970149876+9.66559418679e-05i,0.0109882538522268+0.000100309562877268i,0.0155868549537312+3.07615712243602e-05i,-0.00133542164831441+2.81966087902867e-05i,-0.0436203719285194+3.25212261697754e-05i,0.0118041258228743+0.000100418416628508i
-0.011085655376074+4.48035132300712e-06i,-0.0348451029376455-5.32497803758073e-05i,-0.00568643143019725-1.19025887672397e-05i,0.000506855685742369-1.24165098167992e-05i,-0.0101957444156826-3.42622236240111e-05i,-0.0471621863420833-4.43161032865719e-05i,-0.0267276511501237-8.89017863958869e-05i
0.000307584963849715+4.05873424633503e-06i,-0.00173744381732494-2.08152040400482e-05i,-0.0236047931013681-1.32775572171528e-06i,-0.0114433377148494-2.89672542969862e-05i,-0.00109495776875604-3.64362381682624e-06i,-0.00633682086129945-1.71341990256237e-05i,-0.00287755469847937+7.42640381657832e-06i
-0.00606106656617282+2.28629450349337e-06i,-0.0230553747522532-3.60378860578337e-05i,-0.0189976879990941-1.69607979118434e-05i,0.0134407724249425-1.00237338486173e-05i,-0.0291140873238909+2.15729839329895e-06i,-0.02185959676597-3.32275133074019e-05i,0.0162238060584904-3.95040367237618e-05i
0.01575423442802+6.69039788180665e-06i,0.0239846599850066-1.40358091339936e-05i,0.00323886753970167+3.62716303468713e-05i,-0.0749420065612358-1.95671134013871e-05i,0.109073284340357-0.000107733720858921i,-0.0202547391132309+6.4889368750586e-05i,-0.140678288206533-9.58687244869961e-05i
-0.00217591339567111-5.72284861952457e-06i,0.0342575092719561+3.10690365491226e-05i,0.0024324000614399+5.82658952847903e-05i,-0.0257476443297682-3.72984300102924e-05i,0.0265694339054902-2.70509597260568e-05i,-0.0452813864834968-1.1362767601523e-05i,-0.0159528283625097+8.08392946070345e-05i
-0.00540969843863277-4.44997813760627e-06i,0.000649599351796686-6.52630090336107e-06i,0.00381575623455531+6.06874819659123e-05i,-0.0421642695246107-6.06400529209901e-05i,0.0190604487059263-3.5760304913067e-05i,-0.0769607200025739-4.25471463658198e-05i,-0.0378220881353908+6.31282368076045e-05i
0.160313227896374+5.93322001913895e-05i,-0.0480337902321764-0.000121106917047717i,-0.064039585004382-2.55796616543797e-06i,-0.142828221710345-0.000113197433416577i,-0.0496980570265332-2.36346208829562e-05i,-0.050437936284467-6.25130140820656e-05i,-0.0958614178549046+5.06061535606018e-05i
0.00630021116298711+1.13270330117417e-05i,-0.0606723023335129-5.55865318991009e-05i,-0.0344333073690688-4.48046283969e-05i,-0.0326205670613689-4.91331070124379e-05i,-0.0185056705300864+3.93690277740773e-06i,0.0053541876672754-1.16925466980112e-05i,-0.0191266076429044-1.46958732039054e-05i
0.00409115534908428+5.73136073587628e-06i,-0.0234665473814705-2.50685198524709e-05i,-0.00625842521807911-4.24059085577617e-05i,0.0128032259723397+1.61645413670703e-05i,-0.0013412927360479+5.03466683463121e-06i,0.0321589361462351+2.07493834926565e-05i,0.00590638974648848-7.02437338634444e-05i
-0.127876847616981-4.49281297617779e-05i,0.0220274349431427+7.94012955899111e-05i,0.0582540003853772-1.14250394639589e-05i,0.114643847685033+9.83103652590372e-05i,0.0204347830908136+2.21225457958622e-05i,0.0226944603899083+2.66146111153838e-05i,0.0762675256907396-7.02406921963988e-05i
-0.0699101675721053-2.73123799046298e-05i,0.0284476842773621+6.41026770081044e-05i,0.0426646602674719+1.2959340063441e-06i,0.106356381144339+8.42570336902809e-05i,0.0440911561594442+2.87866230382702e-06i,0.0191257171725683+3.08312425968078e-05i,0.0601126308689431-7.27114353658365e-05i
-0.0658056638790766-1.7039435602217e-05i,-0.00621612987319623+7.17959603433938e-06i,0.0275301238742799-4.88634244142799e-06i,0.0631423943077895+3.33517173225285e-05i,-0.037874746662979+1.58607158895624e-05i,-0.0505033437153405-7.2047179562757e-05i,0.0555435484784888-3.94308413452095e-05i
0.0119215192265444-7.35917137216197e-07i,0.0468592961989666+5.19314741496607e-05i,0.00569078624656792-1.200261230909e-05i,0.0446248456864958+5.72773849774744e-05i,0.0451641461385051+9.7952756838888e-06i,0.076659322710324+7.53479966601987e-05i,0.0253325961918172-1.65107504520319e-05i
0.0159059540685031-4.04111905654829e-07i,0.0388748552286696+4.00077908574424e-05i,0.0125550340079939+1.14866511114354e-05i,-0.0220416148593507+9.41723968271831e-06i,0.0448814917040195-1.65577859159655e-06i,0.0575891690652409+7.50146246605809e-05i,-0.0119999088288549+3.97484314348736e-05i
-0.0412482518507269-1.61406335879105e-05i,0.00123043445015084+3.19095691599694e-05i,0.0239935200358809+2.48231704226976e-05i,0.0639194521061901+3.84744423290994e-05i,0.0328233610847516-2.59955463659925e-05i,-0.031072534946834-9.53781798262485e-07i,0.0130787077873913-6.29161795800562e-05i
-0.00236012837902552+6.83376394128581e-06i,-0.0235154587065686-4.17800925777936e-05i,-0.013721852971758-2.87077541170507e-05i,-0.00475452194329275-1.05229463980924e-05i,-0.0295197289106099+1.33059449321006e-05i,0.00770848906537275-2.90055347676439e-05i,0.00578546029133437-2.74645876114115e-05i
-0.00097391856330314-5.02363200222888e-08i,-0.0023790644034863-8.72684241575769e-06i,-0.0148116817239037+4.88994783022046e-06i,-0.00760019716567152-1.64773137664874e-05i,0.000668746524021346-1.52057926335148e-06i,-0.015029863182985-5.02668729168347e-06i,-0.00126970044264066+1.56520767724268e-05i
-0.0070807827415802+6.62434868978158e-06i,-0.0624340411457496-6.5647591728862e-05i,-0.00485538117436829-4.15670476913202e-05i,-0.0163531720749967-1.99654239387026e-05i,-0.0771599792001069+2.62412043002325e-05i,-0.0305271130703577-6.97159451937754e-05i,0.00652364701243444-2.24061626993538e-05i
0.0038141473561848+8.89388303099185e-06i,-0.0321053170150922-5.19981798209017e-05i,-0.0326334703433083-3.11718989469886e-05i,-0.00596943976974488-2.85124726987884e-05i,-0.0315679118979386+1.87894466011514e-05i,0.00362597563526413-2.57437846894898e-05i,0.013084333412891-5.79466707723444e-06i
0.00582077225323972+5.76745513871589e-06i,0.00781221698186847-2.92884807200735e-05i,-0.00519306531410721-1.00403085962987e-05i,-0.0277158577487714-9.3020782509325e-06i,-0.0077013831954765-5.96962633873431e-07i,0.00760848880148513-1.15906693739548e-05i,-0.0205043783674248-1.45655408578064e-05i
-0.00356686625766444-8.13127199970716e-07i,0.0231269847945963+1.06432175122415e-05i,0.00777553486056047+1.60095687832129e-05i,0.0260344198873345+3.73894533586037e-05i,0.0471540176886172-4.68252223250301e-05i,0.0041964507434151+3.49679178787349e-05i,-0.0332958637624252-8.75665954258137e-05i
0.0200858524306077+1.34738702359962e-05i,-0.00671870211621386-5.17647368024417e-05i,-0.0303806242564114-6.49120670795357e-07i,-0.075090652167576-5.54475058976148e-05i,-0.0119011209737618-9.21943357855652e-06i,0.00206521020723116-8.54049810698812e-06i,-0.0513049144985806+2.95438301101928e-05i
-0.00224705695458658-8.96572861012533e-06i,0.0191922979314886+5.78600832102629e-05i,0.0234387660765932+1.20192575425931e-05i,0.0429541575813785+3.70053121809963e-05i,0.00879003568621407+2.03351853572945e-05i,0.0171989820686609+2.65476817114812e-05i,0.0450009881774692+3.61054809751773e-05i
0.000429285540810026-1.64887134238142e-06i,0.00559081423480624+1.26415032829955e-05i,-0.00490153982452871+1.53485746019103e-05i,-0.00199923529280123-4.70169001648568e-06i,0.0104588881454524-3.16720986012142e-06i,0.00605767656088117+1.36175150297065e-05i,-0.00422753161605222+1.84337489356102e-05i
-0.00279863056160688+3.46195810363077e-06i,-0.0158507009187326-3.04225779118428e-05i,0.00223357068973351-1.6564754325256e-05i,-0.00587199193803096+5.20336994307351e-06i,-0.00865963199939753-4.27046014046256e-06i,-0.0127774304690549-2.48671807526542e-05i,-0.0210680752704827-4.63110394155882e-05i
0.00660581441877724+1.37796622752921e-05i,-0.019388339013518-6.25221253170124e-05i,-0.0289281736992774-5.4774175402269e-05i,-0.0169212173999564-1.63613092373202e-05i,-0.0168877804387112+8.69734084851316e-06i,0.0272346398141159-1.5019121876222e-05i,-0.00410482159688871-6.00223621081303e-05i
0.000865424362894179-9.97911734246261e-07i,-0.0110318581385634+1.00629353604862e-05i,0.0275548051707589-1.10154672584425e-05i,-0.00586868937329332+5.89326823730115e-06i,0.0150829989268939-1.07216754137388e-05i,0.00395663704027742+6.254644850896e-06i,-0.0122180063692949-3.97837096785901e-05i
-0.00169611607516155-6.93048841431855e-07i,-0.0160834370524723-3.24865048042081e-06i,0.0273877680885552-2.49339730967701e-05i,0.0215645254942347+2.75938696123903e-05i,-0.000833505399200131-5.9080448163514e-06i,0.000992093964268894-3.0406429499513e-06i,0.00573112814646149-8.27547227734598e-05i
-0.000605300642972107-4.98195589846304e-07i,0.000507013707569171-1.8047165529527e-06i,0.0060289847590837-4.97563358050548e-06i,0.0168649897261902+2.73171922747037e-05i,0.0112255921593176-1.14380959519481e-05i,0.0101244283082113+2.16293579066998e-05i,-0.00727005104973454-5.28686505996799e-05i
0.00218829877720864-2.34971113065902e-06i,0.0019115655394906+3.54742458747838e-06i,0.00452254058336193+1.4853497202813e-05i,-0.0211298642218906-1.61428542579408e-05i,-0.00904020867423506+8.33556171942017e-07i,-0.00785913290006167-5.40795508348542e-06i,-0.00458724375788802+2.86344572983559e-05i
-0.00276050154528735-3.71746469558928e-06i,0.00851745898424945+5.94829835465323e-06i,0.00578088883189925+1.94846370294554e-05i,0.00675442813816246+1.70499264916431e-05i,-0.0154625954995367-6.1695359218368e-06i,-0.0109413440881451+3.15972194095991e-06i,-0.00524461580560663-5.06946368282773e-06i
-0.00159392170628707-2.11290940942177e-06i,0.0222343376062588+2.32376120577533e-05i,-1.2524126448424e-05+6.78755260701491e-06i,0.019755126575411+2.28163709147905e-05i,0.00130134588263306-1.72268305452822e-06i,0.0140303413247583+1.47676467005003e-05i,0.00871864059738578-3.1805778801344e-06i
-0.00319538137914506-2.72514257087252e-06i,0.01251470251128+1.06928338137807e-05i,0.0085591441447556+1.74316764363837e-05i,0.000961607185299586+3.68234066346437e-06i,-0.00859384399943027+5.98747648332097e-06i,-0.00962333121329803-6.64249107294325e-06i,0.0099951045917563+3.46103103483607e-05i
0.0076263686200694+5.03255852624442e-06i,0.00933467180651229-8.41608576684062e-06i,0.00412216035561982-1.84870952843038e-05i,-0.019496609953256-7.39222052258904e-06i,0.00271131725689965+5.22360603174124e-06i,0.0151855580456117-5.84600391735506e-07i,-0.000859583115334364-2.09085386303607e-06i
-0.00111658722563023+4.2607023729173e-07i,0.00781703541867123-9.13866644466237e-06i,0.000711566228540362+1.65655453835007e-05i,-0.0132331759418949-2.01246908828366e-05i,0.0173916124510349-1.7688644851364e-05i,-0.0247031574402921-1.30113872032973e-05i,-0.0129118807170369+6.56612676198409e-06i
-0.00732117844711427-5.4686646715218e-06i,0.0047732815464591+2.50863837510537e-05i,0.0155246890117259+2.79223548835531e-05i,0.0178892769919571-4.10236366957109e-06i,0.0262482917036083-1.06384956422419e-05i,-0.0265942434763607-1.13316412170163e-05i,0.00845853180795597+3.09980267682605e-05i
0.00565857303000804+5.69541402001961e-06i,-0.0049397827710936-2.22780232579007e-05i,-0.0356765785108708-1.16494502856268e-05i,-0.0197413786881248-2.45569841673172e-05i,-0.0217366677855171+1.77296291055741e-05i,0.010095090698209-3.79822020342837e-06i,-0.000202343522065049+3.79602046080007e-05i
-0.0062132253907721-4.8940390071326e-06i,-0.0119742895815369+1.81723280996801e-05i,0.0225569168731048-4.74774413871875e-06i,0.0384681470950358+2.4617475178307e-05i,0.00844958966279457+1.26985496475395e-06i,-0.00331163913699925-3.10515275064923e-08i,0.0245774669788364-3.35380539690678e-05i
-0.00435320365824995-2.59677718601439e-06i,0.00654466621175549+1.75853669486904e-05i,0.00656806486494086-1.38792703063325e-05i,0.038136423780059+3.8156906563487e-05i,-0.00173803299919495+7.87708968846209e-06i,0.0160563315064186+9.69294498444036e-06i,0.0224832766272811-3.65130480220522e-05i
0.00597610651659788-4.43705996412427e-06i,0.0221713550798077+2.73854956751692e-05i,-0.0228139733074189+4.04603472396532e-05i,0.00480195757179603-1.7148723316945e-05i,0.0128171162112678+1.62734853386832e-06i,0.000360128607889708+2.87275689939121e-05i,0.0130486436334087+8.29146826764696e-05i
-0.000291914482212227+3.38964432890032e-06i,-0.00792113999861369-1.84402547690941e-05i,-0.0141004874361604-1.35988183098761e-05i,0.00129786973123834-2.33780883171644e-06i,-0.0363032082808628+1.68110397775042e-05i,-0.00200549294341109-1.60332794066621e-05i,0.0152606684348289+1.31095068093105e-05i
0.00286138535680047-1.13564979495628e-07i,0.00547315483580269+1.45214330281556e-05i,-0.00558704483343926-1.70564396630652e-05i,0.029173859056699+3.24046207052188e-05i,0.0145504398763228-5.57091013548835e-06i,0.0276543748760372+4.16252084016715e-05i,0.00951816581993761-5.37726946019132e-05i
0.0100444994569506+6.76433590578296e-06i,-0.00217443008625057-1.95475181764699e-05i,-0.0155713139018402-3.62918760103202e-06i,-0.0552255523497525-4.42915471772635e-05i,0.00908088814025438-1.55355940396251e-05i,0.00241216411743215-1.86272553218904e-07i,-0.0400510060401331+1.29288419163631e-05i
0.00200802745803987+2.48645844373622e-06i,-0.0136828204790166-1.85830883269068e-05i,0.0155892371271866-2.12001460855831e-05i,-0.0139692799585673+9.46366093238522e-06i,-0.0177695156732379+1.12175998106438e-05i,0.0126094166312751-9.49741651722587e-06i,-0.00912015343519632-3.25101732852181e-05i
-0.00309816374190001-5.42133601103772e-06i,0.00377185291804108+2.26931901109642e-05i,0.0463805693231531-1.23954652003709e-05i,0.0353637261663794+5.36468342088092e-05i,0.0101501682300145+7.37234430930495e-06i,0.0125764211750782+8.10659184234686e-06i,0.0175711798461297-5.98395485313791e-05i
-0.00163346867708033-3.02396387572502e-06i,-0.0029988421635336+1.13842870015753e-05i,0.0349193973028224-4.41929092901748e-09i,0.00676185990639497+1.82129119153547e-05i,0.0159724717180754-2.24413640704445e-06i,0.00323084961023669+2.32785350373094e-06i,-0.0017470668362221-2.76235480199071e-05i
-0.00821713126293118-4.79612796001546e-07i,-0.0119209611410401-1.4749223766306e-05i,-0.00313713891899443-4.04708027196528e-06i,0.0378774299375999+1.99854263092601e-06i,0.0103814855980047-1.00128419274941e-05i,-0.0277945474723686-2.45978631269816e-05i,0.0223017011276722-3.94802126915623e-05i
-0.000578480687507508+8.26396801354483e-06i,-0.0204098440361117-4.97813102045433e-05i,-0.0226961379660549-1.76616253761838e-05i,-0.0312592112922037-3.7785065890916e-05i,-0.00924366411469535-1.54694859985918e-05i,-0.0212792484343075-3.57491077954021e-05i,-0.0296510056180914-2.90730873217829e-05i
-0.0110416561770092-8.09501849193919e-06i,0.00394319072812924+1.80296219815232e-05i,0.00470634145199704+3.80159390405288e-05i,0.0186168071239776+2.39589387983524e-06i,0.00398127616747072-1.80519788178815e-05i,-0.0455136837359287-1.14055643341661e-05i,0.00289296969547659+1.31083222622147e-05i
0.00106162097350857+6.41147998342396e-07i,0.0200851285110784+1.04257672853502e-06i,0.00227742460008724+1.78623539114613e-05i,-0.0349782100867-3.24320592310027e-06i,0.00166685914956757-1.35279625593929e-05i,-0.00470542648030987-2.81394321319843e-06i,-0.0432932444094358+1.54395011659303e-05i
0.00534280229457863+1.0437228455468e-06i,0.00782649206946038+9.18432804359885e-06i,-0.00683225780086275+7.10069481080338e-06i,-0.0186325454952657-1.50173828160098e-05i,0.0142187450912558-4.43160740110456e-06i,0.0141935918940172+1.93477812402715e-05i,-0.0108916859078091+2.59368793546638e-05i
-0.00798043641963256-3.02209003919214e-06i,-0.000434087247049006+1.77471592015603e-06i,0.00904924103320609+9.72197452916003e-06i,-0.00740959045759013+8.68942460845169e-06i,-0.0157359740389032-1.25896149876698e-05i,-0.0325360888257058-2.75766074106961e-05i,-0.0248614667711943-2.03601379879569e-05i
-0.000126013088365628-6.30766791592732e-07i,-0.0014970809923013-2.72321103580658e-06i,-0.00743349172505823+1.2569003605425e-05i,0.0104553408911279-2.37863199421851e-06i,0.005130131174268-4.53726014107795e-06i,-0.00426539279764824+7.2360770261268e-06i,0.00381288275561236+7.23596241801543e-06i
0.00786818448357085+2.80318548661856e-06i,-0.00830000205605293-5.2343708657197e-06i,-0.0213443107995676-9.72390129235683e-07i,-0.0234178436667345-3.39463073058682e-05i,-0.00020773696464533+8.1887077924311e-06i,0.0120390242330114+1.1277135734581e-05i,1.7665670833456e-06+4.80945142605773e-05i
-0.00632559639577066-8.26018135557608e-07i,0.00904722557803399-1.20701691971415e-05i,0.00185968036201762+8.28012474759483e-06i,0.0164144858001191+1.21909223003975e-05i,-0.0119133937423652-6.85621863759079e-06i,-0.0230493086834117-2.87122402995369e-05i,0.00318486973652298-2.62620273703682e-05i
0.00133768042370277-2.49472059414381e-06i,-0.0123147018553136+3.23552702843715e-06i,0.0150632483666459+9.45269121294536e-07i,-0.00155572061913153+5.42884474321034e-06i,-0.006074296303513+9.66809729067193e-06i,0.000568261938026426+5.36395994660417e-06i,0.00289097317323157+8.48869142390889e-06i
0.00179044154642717+1.90140437255274e-06i,0.0058826755594701-5.14486884356813e-06i,-0.00109324353587183+2.18455825623381e-07i,-0.0149629097396375-5.45430002004621e-06i,0.00102168232601461+8.77665869464682e-06i,0.00773972654663944-1.37294212805594e-06i,-0.00487554912783481+2.4763243226472e-05i
0.00218764028886792+1.94326202405905e-06i,-0.000631721948139636-4.72033571572398e-06i,0.00590853092003991-1.2793430579187e-05i,-0.0102964770342767-2.23845175201837e-05i,-0.000788333337768587+1.04777908765135e-05i,-0.00643692045976615-2.7797674772543e-05i,0.0163389458660916+2.02297435266092e-05i
-0.00620871086562846-8.78674916931922e-06i,-0.01094610003099+4.79490746763407e-05i,0.0392490151886486+7.2046993531449e-06i,0.0317631307172537+2.35058122819006e-05i,0.00149688966299428+8.99430205507021e-06i,-0.00239995668692686-1.66928368868071e-06i,0.0263669530882616+1.00777498320934e-05i
-0.00299479219439996-3.13754864266713e-06i,0.00396362752870094+5.85782357617446e-06i,0.00546487043759304+2.47801559505159e-05i,0.00951210262135422-8.21414918751401e-06i,0.000398249840638531+3.30346920923778e-06i,-0.0239830499648588-2.11370314629459e-05i,0.0115160324317138+3.92863827284408e-05i
0.000716524698310096-3.6593861802551e-06i,0.00289433191872976+2.06515905080332e-05i,-0.000136763996106948+6.26611499634227e-06i,0.0205821972749107+1.47287915089048e-05i,0.01772376476366+1.32627151828365e-05i,0.0130756635087898+1.83432157215391e-05i,0.0142023854877926+2.51241951442644e-05i
0.00840347153601342+1.39696940770725e-07i,0.0224856653362111+1.62830251569515e-05i,0.00281782195791114+1.01208922701781e-05i,-0.0321246992894172-2.4499840637768e-05i,0.0154541182394474+1.16268713251012e-06i,0.0126454559729007+1.28309144343377e-05i,-0.00292893485023425+5.13216243956803e-05i
0.00138090024511493-1.19414282902814e-06i,0.0100058821615735+6.37318354931724e-06i,0.0188856467395321-4.43006267990576e-07i,-0.0180237541213205-5.69626343692601e-06i,0.00444242316807772+8.06556904587001e-06i,-0.00804334033223559-1.45966832518654e-05i,0.00190325824861591+2.49658753424551e-05i
0.00627553747931894+6.43808906754498e-06i,0.0178093372012714-2.24435612321532e-05i,-0.03733721977807-1.00945269238857e-05i,-0.0167073920536583-9.0844761085418e-06i,-0.0221933245737215+1.19408131005162e-05i,0.0177742519186222+6.30969763242623e-06i,0.000577718986981638+1.92795162870118e-05i
-0.00291709196589704-4.53323674573478e-06i,-0.00453631468089419+1.37106037673028e-05i,0.0250796791598238+4.55103776054503e-07i,0.017153757678983+1.38547348411898e-05i,0.0172485943228756+1.34963864535267e-06i,-0.00720120422291787+2.90341379121011e-06i,0.0141216970069997-7.47821963308715e-06i
0.00907947942023228+3.85710195037269e-06i,-0.00528969890885039-1.74465658206142e-06i,-0.000602738109848857-7.6887868160779e-06i,-0.0232355983615302-1.72034214795194e-05i,0.0227908287089748-1.42440571612082e-06i,0.0301463963055627+3.1240732901659e-05i,-0.0127103804469806+9.36357713078703e-06i
-0.0048586982605328-4.93953108458594e-06i,-6.52017409544307e-05+1.63998818930715e-05i,-0.00585645817122918+2.25585446725167e-05i,0.0274316500867616-3.86573429034626e-06i,0.0177821406324543-1.50751992707995e-05i,-0.0263588496991723+2.63042018249932e-06i,0.0136584167651447+7.41851887924637e-06i
0.00535143545887737+1.48960985302434e-06i,-0.00157881152628326+1.40871123581309e-05i,-0.0201559165178795+2.72245127438754e-06i,-0.00351282263796175-3.72613008260152e-05i,0.0132089948469781+8.85362655120474e-06i,0.0102716243515857+5.82201503484424e-06i,0.0224976154834738+6.61367157927035e-05i
-0.0057515516712956-5.68694268101066e-06i,0.0485398310363515+4.15833927216227e-05i,0.0251870487854892+3.45803118064498e-05i,0.00776637264031221+2.9217366446038e-05i,0.0273312117399006-2.87723896802969e-05i,-0.0101649216237003+8.69669170671139e-06i,-0.0178787746905703-9.68474006830508e-06i
-0.00608570502576229-3.95352758911164e-06i,0.0330934135770136+2.24186544847717e-05i,0.0218096272355118+2.01517717201464e-05i,0.00650417371366926+1.10525604538064e-05i,0.00402728926561759-9.51014671947228e-06i,-0.028614553433452-3.02129538861138e-05i,0.00395100602979098+1.14119056594435e-05i
0.00106053825351629-2.22307494071168e-06i,-0.0168141980648795+9.5636993359298e-06i,0.0164756002867524-2.68700451574762e-06i,-0.00287064537722822-3.63594099221537e-06i,-0.00232965493775231-6.85323798244449e-07i,-0.00620930092003127-4.2603838150978e-06i,-0.00265663582045195-1.30239011864706e-06i
0.00668916991828298+1.26036779295393e-05i,-0.0168346496933626-5.41904533846506e-05i,-0.0280618694497817-3.74823665484159e-05i,-0.0413869468997643-3.37891509064088e-05i,-0.00169558511510912-4.23569663966025e-06i,0.0172680628808348-5.87028320741814e-06i,-0.0270430011942557-2.77277576700118e-05i
-0.00451840401669745-9.99808472723619e-06i,-0.00534581153789618+4.64342646556956e-05i,0.0473027381001407+3.86508800561862e-06i,0.0304057634553799+2.340559663038e-05i,-0.00532169120518953+3.0368234434448e-05i,-0.00530159353909998-1.10472829241304e-05i,0.0490438361040414+3.98247403378685e-05i
-0.00886280273245111-2.212792676806e-06i,0.000173651518487474-3.67676707863558e-06i,0.0314469865305153-1.24985808531957e-05i,0.025877292278944+3.43662890877062e-05i,0.00363129560138575-9.74239761315123e-06i,-0.0112240954847115-1.74942928393255e-05i,0.00634190764564645-8.2133813058855e-05i
0.0154424310392143+1.09298529503851e-05i,-0.0255084169044101-4.38710805335197e-05i,-0.0350309688402245-2.05893201600397e-05i,-0.0535481407871101-6.04167884380464e-05i,-0.0224880201481687+1.39820925216562e-05i,0.0191412421781383-5.79930353923123e-07i,-0.00925173233177747+4.67082440267829e-05i
-0.0011829828444941+2.08179223390629e-06i,-0.00118485464623472-2.66482014208909e-05i,0.00272439763520818-5.13687526651957e-06i,-0.00740061309384429+8.07489325940881e-06i,-0.00240932802089549-2.32845416060337e-06i,-0.00203684245294992-9.14048487357349e-06i,-0.0157217991601152-3.00864507241566e-05i
0.00575243137297229+1.63662836543102e-06i,0.00916960586267679-2.72156067302784e-06i,-0.0107439764296897-1.31247978641479e-06i,-0.00896344796258262-1.93397840702889e-06i,0.00368881680859242+3.81114423428054e-07i,0.0138495205726535+1.58401931391137e-05i,-0.00804950659549712+1.67733016308205e-07i
-0.000713945659931014+8.64038888172191e-07i,-0.00305272086253255-2.9544433232842e-06i,-0.010180949733518-6.31953774364628e-06i,0.000606881663701242-1.02359026209246e-05i,-0.012170609342153+1.99980455692642e-06i,0.0013226398414144-3.39600557606553e-06i,0.0130220584559651-3.8371732869331e-06i
0.00138713454338238+2.4840896135669e-06i,0.00454784800093226-9.22685964927047e-06i,-0.0116056866831457+5.02412465182439e-06i,-0.0231991643951998-3.20216105062719e-05i,-0.00111144095182098-2.81291264144048e-06i,-0.012216145441172-1.05715005881192e-05i,-0.000107318493420994+3.01429371052142e-05i
-0.0032103637700472+2.18241489002582e-06i,-0.0138220694574783-2.63249965587102e-05i,-0.0287002366329369+3.90573146198145e-06i,0.0105672688417762-6.39053180828705e-06i,-0.015660947726411-4.18245352076467e-06i,-0.0105965906786764+5.431313788298e-07i,0.00184633867521514-8.07557454493859e-06i
0.000435050403163444+7.32165045796596e-07i,0.013489418462918-1.2878060351238e-05i,-0.0301115151810371+1.77051373039936e-05i,-0.00121087079202775-1.18320254597125e-05i,0.0125495166958444-6.48728186202743e-06i,-0.00819838490699449+9.05041558317593e-06i,-0.00429260089645289+1.66474538067641e-05i
-0.000545383756508492+4.2991269322075e-06i,-0.00202010030128606-3.15126749949318e-05i,-0.0109103064160269+1.40679150956743e-06i,-0.0400638108740959-2.61001668807486e-05i,-0.0119432348703576-8.12324737365794e-06i,-0.0190422992872725-2.7639083954848e-05i,-0.0332525267292732+2.57712227209269e-06i
0.010672237449547+1.29052255962272e-05i,-0.0163540514729968-5.40541050988541e-05i,-0.043891265324862-7.43819230752557e-06i,-0.0600849941363588-5.48110362923232e-05i,-0.0077281765489617-3.25010211418692e-05i,-0.00891284798071151-1.11541931110855e-05i,-0.062055348541303-2.95339303874833e-05i
-0.00827281224334817-1.09469387184457e-05i,-0.0193909993759288+4.15281007977165e-05i,0.00139909222192011+5.38576528803998e-06i,0.0695512693941748+1.94564321642623e-05i,0.00292006433174132+2.68959531790032e-05i,0.00939951675143022+2.80160493694949e-05i,0.0710186256496153+3.05204841962444e-05i
-0.00124748631970591-3.22851180866331e-06i,0.0102894129569414+2.3129509606571e-05i,0.00471355801922812+1.10873729018903e-05i,0.0356026924019548+1.50103041974047e-05i,0.0382543257508206-1.79105210064981e-05i,0.00378774358929101+3.20135356432884e-05i,0.0164275215250868-1.84288954389848e-05i
0.00174790220523823+6.17198558824773e-06i,-0.0295158670139459-4.45180411330271e-05i,-0.000632164458048914-2.06487529572985e-05i,-0.034209494127587-2.30747531788871e-05i,-0.0154277887361471-6.90140000399839e-06i,-0.00585548244484879-2.03505142187297e-05i,-0.0286206606733692-3.8229387966866e-05i
-0.00317361385019869-4.57479207482868e-06i,-0.0175998733163668+2.56798009666307e-05i,0.0225779406659105-1.13565087327429e-06i,0.0298975985547981+6.95169154748539e-06i,0.0233064339804706-4.53308986974456e-06i,-0.00318181974343813+9.13519949443994e-06i,0.0216130135875465-1.60591795854146e-05i
0.00359735674987852+7.11032363816204e-06i,0.0172001926566536-2.24751628552191e-05i,-0.00945129072189542-1.90475925236894e-05i,-0.0231185836932995+1.10285616034259e-05i,-0.0344426867305144+7.940592450504e-06i,0.0190116383045538-9.57449933085948e-06i,-0.0167148143992588-1.3284421836771e-05i
-0.00191807697304202+4.97416093608329e-06i,0.0130864977061199-3.82644854488426e-05i,-0.0229388263605126+1.35366546808387e-05i,-0.0315933065796997-8.08195492674397e-06i,0.00992305035877282-3.78008824483114e-05i,-0.0199415576225628-5.56766857522663e-07i,-0.0596160674679087-4.71386574344926e-05i
0.000242284759787551+7.04464759988145e-07i,-0.0114841807681474-8.19279693190941e-06i,0.00688832740192563-2.52628526161854e-05i,0.0115601307167775+2.52707607649206e-05i,-0.0383169233587146+3.54539533444485e-05i,0.0201280272514891-1.37526322617334e-05i,0.019915961784402-7.59322080195471e-06i
-0.00732152408309107-1.00554053995485e-05i,0.0172531883057375+4.93948650464702e-05i,0.0204402372200332+2.76606179183901e-05i,0.0222668264622523-5.90329652295603e-06i,0.00844430497658434-6.60748951252738e-09i,-0.0277294998816104-2.08179787247238e-05i,0.0355663460259997+4.24526975397989e-05i
-0.00139328232046502-3.71259421323939e-06i,0.014754525911864+2.04517931798692e-05i,0.0149075239816471+2.05902362973025e-05i,0.000927454790389901-1.22801712606862e-05i,0.0104047186728536-5.60497184425372e-07i,-0.0194736338831224-1.54087759898457e-05i,0.0162458473269282+4.35123156362573e-05i
0.00038015454444689-2.83646530931178e-06i,-0.00104420610572386+2.45107565487894e-05i,0.0223138791204662+6.87253609545261e-06i,0.0144892855770341+7.85419255018816e-06i,0.0193358495512628+2.5577033449686e-06i,0.00932112935193752+1.54302243493699e-05i,0.0136039105048122+1.46718041386323e-05i
0.00951931971431538+7.75091874342878e-06i,-0.0177172485179184-3.56710073293287e-05i,-0.0172160609739769-2.5362140825679e-05i,-0.0424090928878079-2.79855338275438e-05i,-0.014462715078014+1.38683979939903e-05i,0.0235056420048876+3.00825135426423e-06i,-0.0165484641032718+7.66588013608734e-06i
-0.00220306738779616-4.4086428449301e-06i,0.0201988841763456+2.5341532337532e-05i,0.0207146703543527-4.86509599385249e-06i,0.0296855172548759+5.76594757258634e-05i,-0.0135593735700661+1.42738203295236e-05i,0.0174849474055124+1.50286858875978e-05i,0.0132565088169325-2.29649539262895e-05i
-0.00562191952149142-9.28899541453987e-06i,0.0350994455121104+4.69659124483067e-05i,0.0434849760745448+2.20772271844373e-05i,0.0327850693256653+5.75088956124864e-05i,0.0181678740528738-1.97940003558828e-06i,-0.00267452210359337+8.23349421813376e-06i,0.00560798101666098-1.13562770895077e-05i
-0.00517747544560253-4.81466065517797e-06i,-0.0222777212780217+1.91859472639053e-05i,0.00968581437139238+3.68005688020173e-06i,0.0296605420739825+9.6509948119116e-06i,-0.00561712066366745-3.9883069777095e-06i,-0.0139082230383507+2.26393459867141e-06i,0.0138617538760337-1.00015424849386e-05i
-0.00502910689763617-1.07176850816861e-05i,0.0327575459228382+5.49102446862972e-05i,0.0226077600489479+4.42310566078493e-05i,0.0289386870249283+2.57019155579526e-05i,0.023138925153247-8.68585373377562e-06i,-0.00663710195430387+1.9318347336182e-05i,0.0139327557590617+2.82923184459083e-05i
-0.00281573321484907-3.82654043546181e-06i,0.0322113940526667+2.0292975136671e-05i,0.00934196014373205+3.81606570723518e-05i,-0.0123582995393785-4.96499460413743e-06i,0.0177849208041714-1.73441313820171e-05i,-0.0233887281989985-1.83266747585261e-06i,-0.0129248762819178+3.85347117024066e-05i
0.00593590706541515+2.20850481901197e-06i,-0.0100696459816183-5.82957327115782e-07i,-0.000804645163853378-1.88636195347377e-05i,0.000583257963339498+1.15319091146412e-05i,-0.00989464716395762+1.71415590780045e-05i,0.0276634456500689+1.82828422431935e-05i,0.00410396578958164+1.45279061930649e-06i
0.0115026578966615+6.09195615298066e-06i,-0.008377349103244-2.49144975658174e-05i,-0.014014705663544-4.14585082455924e-06i,-0.0669764755439545-5.79406272727796e-05i,-0.0178159476833948+1.03926719198448e-05i,0.00275237313096141-1.49097970038453e-05i,-0.0197778636504196+6.1848518277432e-05i
0.00376826293192498+2.06865694502417e-06i,-0.00239114831051277-1.0837198801952e-05i,-0.0098898628637193-4.96194269355092e-06i,0.00836838932028504+1.18379900852049e-05i,0.0113226619498918+2.65583715496357e-06i,0.0213816268277717+2.96000824697599e-05i,-0.00170337094613477-1.08459987981338e-05i
0.00679681822330415+1.13476138801886e-05i,0.00137958251107891-4.697298480828e-05i,-0.0508384278311563-5.53205224279584e-06i,-0.0519139282232141-4.78831151550882e-05i,-0.00932440693459342-1.53384799155465e-05i,-0.000162469106291652-8.75285228709479e-06i,-0.0427127448550271+1.21678656076247e-05i
-0.0038029190672967+3.27935941744071e-06i,-0.00895561538803364-2.04515343575333e-05i,0.00269553532668746-1.68913382519295e-05i,0.000475418305702297-2.44849144374732e-06i,0.0250685169426341-2.27002187235438e-05i,-0.00676508309466838-5.76757894268868e-06i,-0.0145004033137545-6.42378603451099e-05i
0.000234144632112028+5.37729686523742e-06i,-0.0159654749618319-2.58377722843504e-05i,-0.0253998597728429-9.66144570803277e-06i,-0.0142569780820453-3.12770540074841e-05i,-0.0184496029049288+6.50484406632675e-06i,-0.00507791676020802-2.30709962681775e-05i,4.93229943851601e-05+2.3238402545535e-05i
-0.00817709481439756-7.48485224364911e-06i,0.0156312641315477+3.10677162271494e-05i,0.0185447464046732+2.26201658064414e-05i,0.027402976937713+1.63169131156578e-05i,0.0138290254249508-7.21249649766575e-06i,-0.0207951383265728-8.41318214707824e-06i,0.0155902414633012+1.46282559607468e-06i
0.000568985799230819+2.89218558104672e-06i,-0.00633380865698639-2.46052711042497e-05i,-0.0193943647924435+1.07807330561687e-05i,-0.0296670677320432-2.30579723576757e-05i,0.0035456092426071-1.09872210238032e-05i,-0.00983597143678263-1.30126766335864e-06i,-0.0347165229832964+9.68118164274298e-06i
-0.00150321412658325-5.29564073673593e-06i,0.00757771753857513+3.00790852633608e-05i,0.0222746324264371+1.4743059442873e-05i,0.00517580614663068+9.71225225788509e-06i,0.00564072772492955+1.9691492183259e-06i,-0.00100475269283752+4.26274254474427e-06i,0.00485590891770074+2.11710568931978e-05i
-0.000185497247873684-1.75296505558781e-06i,-0.0135355257595096+4.31961309887019e-06i,0.00330662776968624-1.00293094627137e-05i,0.0277465963201254+1.68806826971759e-05i,-0.0161995413011205+2.59944975924935e-05i,0.00886787606568369+3.96075254189295e-06i,0.0345226753075805+9.94962397962113e-06i
0.0117427531572678+6.33884229533882e-06i,-0.00140933908417072-2.51174420511902e-05i,-0.0224941810133898-1.12276057445265e-05i,-0.0600277346453663-3.82648677805029e-05i,-0.0227436701284247+1.34843356273931e-05i,0.0135938789307476+7.065271442118e-06i,-0.019426125892343+4.97636314876885e-05i
-0.00908861534958601-9.04107640320016e-06i,0.0325965688464286+3.85191842228438e-05i,0.00527224647238062+4.00893504967882e-05i,0.0370254917760429+1.97780172199763e-05i,0.00809413198045215-3.28231197706933e-06i,-0.0198077511299618-4.6839387300262e-06i,0.0257928458067371+2.90941226242583e-05i
-0.00471128150723655+1.56250664474643e-06i,-0.0187331389187323-2.09218152709878e-05i,0.0067244802112353-2.4666307876927e-05i,0.0192255193968761+2.53952727604224e-05i,-0.0265104105814649+7.56834051685234e-06i,-0.00573110719780213-2.26185062439026e-05i,0.00416595377144071-5.99301366209919e-05i
-0.00140608591822967-1.15756789591105e-06i,0.040499896277371+3.06207596025426e-06i,-0.00724125073301871+3.97717563043691e-05i,-0.0380968472212098-1.60725831657554e-05i,0.00376120084452368-2.08817738112077e-05i,-0.035203173581678-2.49290682389217e-05i,-0.0448714739705438+4.64928708221918e-05i
0.000819678593006909-4.65563614496744e-06i,-0.00270618736137944+3.20268369373924e-05i,0.0132462105269872-1.3810846254217e-06i,0.0300073455548683+2.85565158476146e-05i,0.0180920520699024+1.1697080672498e-06i,0.024303476102384+3.83624037709417e-05i,0.0122041142220356-1.71088062672496e-05i
0.00545318602332709+1.33996296243794e-06i,0.00467974631498035+7.03494870982842e-07i,-0.0139225368916465+3.31063788531377e-06i,-0.00686851749865473-6.30286379895911e-06i,0.00868456162470694+4.12298919460105e-07i,0.0115199188520778+2.34011434014816e-05i,-0.00296994983216976+2.18622529224999e-05i
0.0133718276294703+8.56894126740818e-06i,-0.0166469429745035-3.79272831526259e-05i,-0.0233919215646142-2.12218750455049e-05i,-0.0588587462972049-4.52292206796752e-05i,-0.0204145910099292+2.2455214007608e-05i,0.0220532836782015-1.79098675900351e-06i,-0.0155673635555731+4.74687658110421e-05i
0.00487246294382819+1.26490368300545e-05i,-0.0395711041665263-6.96307221922939e-05i,-0.0314940923696951-3.87973560549015e-05i,-0.0388166110725699-3.51351388271644e-05i,-0.0168332324921913-7.9784582244897e-07i,0.00106945325679756-1.96902446425474e-05i,-0.0363425469635661-3.43150321126078e-05i
0.00702241068620036+4.25070104010622e-06i,0.00262240111753667-1.54763407134259e-05i,-0.0218793138248257-2.60395809570559e-06i,-0.0334522410055375-2.41799598377848e-05i,-0.0025136742031231-1.64825891398798e-06i,0.00283246450217433+7.84382042677248e-06i,-0.0208887823495239+2.49580770347793e-05i
0.00467412538553495+3.88392873006174e-06i,-0.0112125042873433-2.79581594174299e-05i,-0.0116564872135962+1.07697938127158e-05i,-0.0412553605106607-4.56004641299386e-05i,-0.0116263776871339+5.88584379063504e-06i,-0.014483698288519-2.37146580211067e-05i,-0.0150554601205606+6.0230924432547e-05i
0.000714786355591804-3.89017503252469e-06i,-0.00829950458003557+1.728171019582e-05i,-0.00711542726882895+1.96612244811431e-05i,0.020153014514247-4.81802092480595e-06i,0.0346765203347558-2.66848689206651e-05i,-0.00210915030216519+4.64026363786581e-05i,0.0025853271377529-1.05282777208412e-05i
0.00263292477805122+1.01961049709461e-06i,-0.00226787075528576-1.70614887998048e-06i,-0.00214135969208451-5.82835435058414e-07i,-0.00277501323264044+5.85029281301328e-06i,0.00796120403644122-9.84181061081461e-06i,0.00880376973053651+1.46793306302594e-05i,-0.0192254286542788-2.71020609398661e-05i
-0.000969748758609804-8.18971539092125e-06i,0.0206159677186178+4.70823736806592e-05i,0.00624018601324799+2.78619516921246e-05i,0.0241869505797176+2.80205329860128e-06i,0.0185237203056281+1.1925857453119e-05i,0.00108228431860134+1.33125979933638e-05i,0.0353672508413949+6.88746619483232e-05i
-0.00223196023136209-2.87376874991759e-06i,0.00111488006513849+1.05621703190643e-05i,-0.00141790834766157+2.43623880319176e-05i,0.00127399154820668-1.37258055912738e-05i,-0.00168507093366662+7.10310561080114e-06i,-0.00626839093787915+2.76937381401628e-06i,0.0159312923068362+5.76332760996492e-05i
-0.0113110231568498+5.49237734154268e-07i,-0.0166437602059064-1.18739100661343e-05i,0.00966212468360059-2.54065490047626e-05i,0.0492351694581444+3.17993526243699e-05i,0.00619885701530836-1.06100994014956e-05i,-0.0083693019171392-1.82023516843808e-05i,0.0172485191207333-9.70894103816852e-05i
-0.00589506346487855-4.76349496997775e-06i,0.00539516240814671+1.59622528811807e-05i,-0.0106269597399655+1.89227840148614e-05i,0.0353403707381195+2.24781808763572e-05i,-0.00118497964801675+1.06817930695853e-06i,-0.0102880861788149+9.02100675563425e-06i,0.0118217580606046+1.14550906238364e-05i
-0.00556005293863001-7.61328273540418e-07i,0.00228159157108459+3.76340295833968e-06i,-0.0198706684128285+1.78591243301983e-05i,0.0167269593574124-8.55227879022e-06i,0.0120488378643163-2.35972806523444e-05i,-0.019206266471983+1.72914812484112e-06i,-0.00506634044585849-5.15402746650219e-06i
-0.000256824612689756+2.04725462195596e-06i,0.00694004359560321-5.66563747613247e-06i,0.00828708911348631-1.85895416390726e-05i,0.00987585291872778+4.12436786423304e-05i,0.00391401136574371-1.13021564273808e-05i,0.0250805757913719+2.30932105201413e-05i,-0.0202098168311358-8.21668273250338e-05i
0.00306727879461417+5.88251887311099e-06i,-0.0169965575066259-2.96363005262421e-05i,0.00221084015614598-3.72818003065041e-05i,-0.020269348943896+1.41800223648588e-05i,-0.0231175112174293+9.32885207905141e-06i,0.018405170039945-5.19772621358175e-06i,-0.0259630153579941-4.84864163823026e-05i
-0.000542484316660885+2.45109582290382e-07i,-0.0150114587422199-1.99920067098041e-05i,0.00187232592865304+4.96172497714402e-06i,-0.0264057580475997-2.72179537722078e-05i,-0.0142699910309437+5.44922197011105e-06i,-0.0269076757981569-3.10672575321733e-05i,-0.00861316986098559+3.21952949314943e-05i
-0.00330026940312426-5.20884656464965e-06i,-0.000988853712976913+2.21285096857329e-05i,0.0272185067359546+1.33899956700024e-05i,0.0174077193637298+2.70611116854675e-05i,0.00957394256000791-2.95837551753844e-06i,-0.00209824668337121+7.29331906761045e-06i,-0.00406431568084184-6.40635220067617e-06i
-0.000309421779648971+6.88394654525868e-06i,-0.0315228012451907-3.67165792329774e-05i,-0.0166415245663154-1.72167324875317e-05i,-0.0086658691378809-2.11332129927854e-05i,-0.0180981324208931-4.22027689272728e-06i,-0.0111133708722806-1.81890941367745e-05i,-0.010921821610233-1.15957457433254e-05i
-0.00762917626627426-2.75814074003347e-06i,0.00287578037588589+1.36119713957063e-05i,0.00845617646682287+7.85104009315371e-06i,0.0282312824158138+1.04737677213725e-05i,0.0102044513621971-1.65000155679087e-05i,-0.0155825359103529-9.23312674259387e-06i,0.010839749295473-2.94853776788503e-05i
0.00528411131618102+1.43690003354337e-06i,0.019134986154311-4.17133683692119e-06i,0.0176117830489266-1.42663504732487e-06i,-0.0274781735803713+1.75351609098335e-06i,0.000407283240731095+1.16700289664145e-05i,0.00838357449851271-9.74056008705438e-06i,-0.0118427226439381+2.00238194613614e-05i
-0.00294737891876608-4.03325264241972e-06i,0.00675250086823163+6.54554086886426e-06i,0.00946602087140719+9.18935973755225e-06i,0.015319479189816+1.42726455886939e-05i,-0.0102612826673915+1.32177698448733e-05i,-0.00946570138979146-8.51265543610352e-06i,0.0197176302387057+1.2555823086893e-05i
-0.00154255034761074+3.61778545398121e-06i,-0.00298516482776874-1.68848835554747e-05i,-0.0157056791670774-7.73167712717974e-07i,0.00256324350466402-2.39620072597809e-05i,0.0122170127826004-1.11226226253496e-05i,-0.011065103768612-1.80584838993414e-05i,0.00357299236014325-4.53174641616974e-06i
0.00544868881212056+8.07954902129949e-06i,-0.0137283698636435-4.40456816342293e-05i,-0.024622657305085-1.84992862202391e-05i,-0.0297829322181582-6.11311726784547e-06i,-0.0200627949106928-7.87137796966333e-06i,0.0118529965867303+1.27441090917284e-06i,-0.0435937538464762-4.43600419093873e-05i
0.00461193899592659+5.90002439615798e-06i,-0.00192248056984605-3.41651247349145e-05i,-0.0141885381710667-1.04427906526185e-05i,-0.0298707895859014-2.4980653131226e-05i,-0.0353244033906933+2.27657021174949e-05i,0.0007117673055587-3.45164536341834e-05i,-0.000222577358801592+3.68222048878176e-05i
-0.008210633297075-8.68558252799563e-06i,0.0137516631695203+5.84204999385701e-05i,0.0534144931554396-1.16902640281544e-05i,0.0719089767020846+7.38820075299267e-05i,-0.00491907987427995+2.41506161207337e-05i,0.0262592211718626+8.05191754899592e-06i,0.0599291052061395-3.09879239901689e-05i
-0.00150233467110947-9.83361651314293e-06i,0.0233067751426133+4.38015931556798e-05i,0.00750566709132534+5.24900462147023e-05i,0.00692756993799343+3.81128707509715e-06i,0.0112164942872021+1.54601570029997e-06i,-0.0173897811113824+1.7479219675656e-05i,0.00566341396643598+8.09740640336851e-05i
0.00058707473019294+3.90549662059726e-06i,-0.00553089608263763-2.62926056281438e-05i,-0.0211420717542291-6.07890261746324e-06i,-0.000163969485544636+1.6141875839928e-06i,-0.00379886764050323-1.65248852379899e-05i,-0.0099168712532176+8.26113151822653e-07i,-0.0228148047612325-4.25570443285869e-05i
0.00472072726169657+7.49258699387217e-06i,-0.00946713438019874-4.6862418911989e-05i,0.00754135766940336-2.32047583058379e-05i,-0.0553102754544764-2.82497347181906e-05i,-0.00315137509190155-4.96161426805197e-06i,-0.00318498934343195-2.94939001617374e-05i,-0.035444769045222-3.0204856100566e-05i
0.00623598241760118+2.88778140495457e-06i,-0.0229591198073034-1.21589171137832e-05i,0.0150759837096322-1.17261895125573e-05i,-0.0271157670186065-2.87283851828402e-05i,0.0118251034568019+3.16369050557875e-06i,0.00629862263712982-8.01523906817525e-06i,-0.00925611699015783+1.25745438219302e-05i
-0.00259341296900374+8.39540548339639e-07i,-0.00728209870803339-2.08191613261799e-05i,0.00775969328192325+1.1904891998582e-05i,-0.0163432699798744-2.93817926058164e-05i,-0.000388507297809182-1.1167267758686e-05i,-0.0346554661368989-3.61900141794796e-05i,-0.00724995767594915+9.66767343262095e-06i
0.00597194639823287+4.81944141290109e-06i,-0.017469749906304-2.31004074690774e-05i,-0.00668087808913029-1.55877443043794e-05i,-0.0361232142894319-2.80869397354637e-05i,-0.0101013921061532+1.39443994191726e-05i,0.00664125360575362-5.29032463202085e-06i,-0.0103191251722573+2.75475582341486e-05i
0.00340393337374348+7.9286246791949e-06i,-0.0161752294384566-3.67077939274092e-05i,-0.0177182180465562-1.09352361200311e-05i,-0.0421079576380801-4.00102898633741e-05i,0.00371034098218995-1.77467440404432e-05i,-0.00292251439658038-7.3935339653784e-06i,-0.0361448671921011-1.16958058612859e-05i
0.00736780258128721+8.18558887601717e-06i,0.00137886153943898-3.76647009595043e-05i,-0.0124985054479392-1.97093364764008e-05i,-0.0617064215335936-3.65856327720513e-05i,-0.010258170773455-6.02388568465378e-06i,-0.00101833711251982-1.71982607200693e-05i,-0.0354642824761006-7.00192833017668e-06i
-0.00671487555698378-3.48353792948925e-06i,0.000378640631543483+3.51220950303324e-06i,0.0159572219722374+1.29599487978841e-05i,0.00525538087464654+1.43897619822762e-05i,0.0064488832800285-1.55928110611675e-05i,-0.0195315561475345-4.80540407735059e-06i,-0.015242654598026-2.58023071234004e-05i
0.00399295245651676+2.73882832979389e-06i,-0.0051517821726535-8.57277644353979e-06i,-0.00812505669084075-1.45103348047152e-05i,-0.01809949433736-1.8110460226817e-05i,-0.0230414333918167+1.46031168592923e-05i,0.0113725864361011-8.49171704375443e-06i,0.00916848307427105+1.32102801206632e-05i
0.00383653183927673-2.77329523797455e-06i,0.0122001429884151+3.0644670233075e-05i,0.00945232335171829+5.32628942318882e-06i,0.00820832793994692+2.85993061129285e-05i,-0.000930153874247191+9.70226178538859e-06i,0.028778171967573+3.69663763739773e-05i,0.000824482195213749+1.76862964364745e-05i
-0.00143338558088719-1.12250487453075e-07i,0.0267060003058992-2.77955240906698e-06i,0.00240970925704322+9.64729599129426e-08i,0.00280251409897594+3.01454609368229e-05i,-0.0106425812900543-6.54490735289104e-06i,0.00899946110435557+4.062350842008e-06i,-0.0102755095003389-4.40151319337614e-05i
-0.00612495169720234-4.4010240783083e-06i,0.00876574275100325+1.67319442348984e-06i,0.0083405609281032+2.51987954599346e-05i,0.0162385820043758+4.20227822586821e-06i,0.0108540803186103-1.65950518482877e-05i,-0.0339865301990419-1.54934779412144e-05i,0.00179774356197432-1.08847138215955e-05i
-0.00293756170439257-3.24674081700665e-06i,-0.00268528012318294+3.03429409355464e-06i,0.015519759109771+1.03134683100808e-05i,0.00136470479160859+8.50530832785034e-06i,0.00205982943461048-1.19630637685119e-05i,-0.016251901912552-5.22838654495393e-06i,-0.012855233562604-2.37899004964359e-05i
0.00156636767295571-1.1308213377134e-06i,-0.00234619727697541+2.10370366734721e-06i,0.00666206771720153+2.98489038287381e-06i,-0.0197882968373037-2.97385324451692e-05i,0.00198887103019186+3.39145706935543e-06i,-0.00870164892628884-2.16349394780006e-05i,0.00625769904816853+1.84714401094843e-05i
-0.00260153907051866-9.19407719471504e-07i,-0.0230736609842022-3.81990575418541e-07i,-0.00925798736318519+1.65092714381988e-06i,0.00747921960265949-2.17604016454235e-05i,-0.0216845471815835+1.87198677358763e-05i,-0.0145720470058448-2.20989216532671e-05i,0.0245688379583531+5.09612378388363e-05i
0.000409925071475829-4.88489371130805e-06i,-0.0143869344264242+2.27717144499997e-05i,0.0215804505877144+1.8309799950496e-06i,0.0216792155347041-1.10754008549607e-07i,0.0112609600610593+9.75316760953975e-06i,-0.00259518394893506-3.91314349165896e-06i,0.0259467199735073+1.37220974190963e-05i
0.00155858447499398+4.4127491678995e-06i,-0.0119950612647887-3.80742509712192e-05i,-0.0402556046438029+1.28018995438867e-05i,-0.0309434367432413-3.58509776603241e-05i,-0.00917106463715827-1.3727210458118e-05i,-0.0193880987976883-3.90844542337115e-07i,-0.0303744853661001+1.74760042325853e-05i
0.00632365753757558+5.65748354359652e-06i,-0.0347625984699013-2.72331805023036e-05i,-0.0172899007943946-3.65225617355656e-05i,-0.0354212174290991-3.75715475453928e-05i,-0.0364215992364776+3.21669792253805e-05i,0.0125312566884745-2.51797074488746e-05i,0.00464580957140728+2.76968237842398e-05i
0.00846829713128273+8.88374214151977e-06i,-0.01828787946586-4.02191423908488e-05i,-0.0332595829858948-1.52025741526287e-05i,-0.0438903420562889-5.09741462408846e-05i,-0.00568225403193157+2.50431044892846e-06i,0.00539494795177723-6.35016517064841e-06i,-0.0181591281504965+2.7830510907456e-05i
0.00481978759850396+7.15315459600979e-08i,0.00740594154134445+4.26628686281252e-06i,-0.005506552680181+9.11151121600834e-07i,-0.0247679948575621-1.00728651019146e-05i,-2.55095569830294e-05+2.76970435994511e-06i,0.0100966215148451+1.37968288360038e-05i,-0.0115541586444366+1.91001056571718e-05i
0.00579545742177032-4.569288079482e-06i,0.00748731044112038+3.01376231262486e-05i,0.012625797178983+1.85036369697507e-05i,-0.0238153953060021-2.00341478214884e-05i,-0.000358576692962832+2.13999893682478e-05i,0.00821938053524447+1.15527355507155e-05i,0.0146531715512668+9.12607792619201e-05i
0.000892049808436308+3.7358059559738e-06i,0.0157002162833329-3.02260819577668e-05i,-0.0282663996287409+1.60634685089706e-05i,-0.0226891224933912-2.00906337362552e-05i,-0.0254785378033157+1.07287825813573e-05i,-0.0116428128574594-2.78533802129341e-05i,-0.00867257671837184+4.72771147477198e-05i
0.00368405134060768+6.42659002127436e-06i,-0.0115444285444175-2.74888130068788e-05i,-0.0191432283458589-8.78817262387545e-06i,-0.023411437949048-1.67857595157605e-05i,-0.00302591415192515-4.11744502756054e-06i,0.0104906963283183+5.81173441931121e-06i,-0.0243580459202748-4.86113022359106e-06i
-0.0198885482675808-1.03973962150959e-05i,0.0252913956360008+2.02174743178675e-05i,0.0150904980964837+2.35537538483232e-05i,0.064468133453927+4.6139867597604e-05i,-0.00655672788328629+9.42632344454759e-06i,-0.0261433178215351-2.46426930078936e-05i,0.0412684100431516-5.93552547819281e-06i
0.00571278239843036+3.60734636038609e-06i,0.0253988974828223-5.35021207406977e-06i,-0.0218562032796973+8.85025756610536e-06i,-0.0239850169912689-8.75221634649543e-06i,-0.00070159891410886-3.67084604369975e-06i,0.0176007154381513+1.72208248566259e-05i,-0.0170456017499994+2.31585937977149e-05i
0.00303413009964798+7.71768090145414e-06i,-0.0236230515108967-3.85718152128726e-05i,-0.00349202259750672-3.38326146603364e-05i,-0.0227331327290534-8.22393740179784e-06i,-0.0095054008955221-5.84678589154508e-06i,0.00736095833995359-4.85402890178878e-06i,-0.0218049765674794-5.13779664492566e-05i
-0.00170283163998518+4.73122913980309e-06i,0.00241140791330668-3.18863878382033e-05i,-0.00856100070640409-2.4030656402784e-06i,-0.029198868594811-1.44499571046938e-05i,-0.00538436219672552-1.05227137707457e-05i,-0.0245086038308586-3.3067789195698e-05i,-0.0346591448761529-6.72395016366119e-06i
-0.000147426979423171+2.65047301391026e-06i,-0.00965158494732818-4.18608101461381e-05i,-0.00831850179962941+9.60467963853436e-06i,-0.0252678595699446-1.62790408888746e-05i,-0.0160251152303898-1.46753773555984e-05i,-0.0299168357883191-1.87865309838003e-05i,-0.0313221906298266-1.5267296758949e-05i
-0.00378698077316022-7.38112014059825e-07i,0.00426609161837839+5.54507677494598e-06i,0.00917805375436621-9.19160602450461e-07i,0.0225922063178677+8.4670571781858e-06i,0.0109383037369598-2.52173325307306e-06i,0.00123999267200435-4.43445728267067e-06i,0.01848470601662-1.93516507583196e-05i
-0.00199137157266791+2.01523980666596e-06i,0.0116028242661008-2.12754640150604e-05i,0.00411433551478935+4.21184164956446e-06i,-0.0198262090557955+6.64591813872643e-06i,-0.0113496840600591-7.85249410344298e-06i,-0.00758471518941566-1.11832203637307e-05i,-0.0235228083748892-2.60145916723388e-05i
0.000463331419627551-1.71241209173025e-06i,-0.0102406177325296-3.75588696371971e-06i,-0.00731752754652125+5.19802147066107e-06i,-0.000863070906805598-1.75068281154631e-05i,-0.00502183716694449+9.51650121841653e-06i,-0.0123428298939585-9.134961402415e-06i,0.0125055877479731+3.07584707264198e-05i
-0.000817847446344172-8.82581079017428e-06i,0.0242140277794548+4.85505899987534e-05i,0.0308135281297044+1.71897406569975e-05i,0.0356884180712949+4.42845064754361e-05i,0.0080125960709822+1.06600782371656e-05i,0.0132138733543486+2.19668657870991e-05i,0.023729206131258+8.79570516576841e-06i
0.00517301923082033+9.8566413932098e-06i,-0.0338723184793187-5.10684736689101e-05i,-0.0429135349009235-1.6354030307442e-05i,-0.0479002747555658-5.85063522657549e-05i,-0.00281161984686898-1.71685315696268e-05i,-0.00659195157103309-2.65820334569402e-06i,-0.0377330115462058-6.03991300532639e-06i
0.00121243320406387-8.55851760413263e-07i,-0.00694458034195952+1.55927001355629e-05i,0.00473278391679478-5.25172874285109e-06i,-0.00210065239805247+9.05004630988463e-06i,-0.0111962278630274+1.9448342847845e-05i,0.0235374066206035+2.00115088977929e-05i,0.00902470486892774+3.45480749110346e-05i
-0.00285231155021615-2.29326866436162e-06i,-0.000223601432979403+1.1030779710511e-06i,0.0106003874082614-6.17421853945466e-07i,0.000858495648245966+1.37978267547259e-06i,-0.0198276154305275+1.34924608257493e-05i,-0.0142377903917549-2.78655848321193e-05i,0.012512392683769+1.45503257669374e-05i
